frame_idx,true_vehicle_count,vae_anomaly_score,is_anomaly,RL_action
7987,7.0,0.0122323101993029,0,
7988,6.0,0.0120279137488379,0,
7989,2.0,0.0118805724662997,0,
7990,4.0,0.0095521414231008,0,
7991,6.0,0.0063494961001227,0,
7992,8.0,0.0059078481795067,0,
7993,6.0,0.0062294408447321,0,
7994,1.0,0.0048243812456008,0,
7995,5.0,0.0057332211360441,0,
7996,11.0,0.0052539015810097,0,
7997,2.0,0.0073507588362779,0,
7998,3.0,0.0079929883357942,0,
7999,9.0,0.0087028053355775,0,
8000,5.0,0.0088639522549377,0,
8001,5.0,0.0086662986938647,0,
8002,4.0,0.0082347782653826,0,0.0
8003,3.0,0.0080948573721222,0,0.0
8004,6.0,0.0091213615003488,0,0.0
8005,4.0,0.0079661618830839,0,0.0
8006,7.0,0.0080239569627342,0,0.0
8007,3.0,0.0078096168339958,0,0.0
8008,7.0,0.0080070557630561,0,0.0
8009,9.0,0.0081949515571867,0,0.0
8010,2.0,0.0074774721224301,0,0.0
8011,2.0,0.008258830514101,0,0.0
8012,8.0,0.0071713198308354,0,0.0
8013,3.0,0.0067169532622004,0,0.0
8014,6.0,0.0066798638633197,0,0.0
8015,10.0,0.0055862958778006,0,0.0
8016,9.0,0.0072471594945438,0,0.0
8017,5.0,0.0082625337495316,0,0.0
8018,4.0,0.0080413287233711,0,0.0
8019,5.0,0.0075708057234946,0,0.0
8020,1.0,0.0076493080131596,0,0.0
8021,6.0,0.0092274941863859,0,0.0
8022,21.0,0.0092891526568188,0,0.0
8023,3.0,0.0276374683669616,0,0.0
8024,9.0,0.0279842815608768,0,0.0
8025,3.0,0.0280550468267405,0,0.0
8026,4.0,0.0271465752510037,0,0.0
8027,5.0,0.026908989457342,0,0.0
8028,2.0,0.0258430269062867,0,0.0
8029,6.0,0.0266080843632338,0,0.0
8030,0.0,0.0268617169821046,0,0.0
8031,10.0,0.0276651011539443,0,0.0
8032,11.0,0.0284219364023227,0,0.0
8033,5.0,0.0301229080367411,0,0.0
8034,6.0,0.0300287502550604,0,0.0
8035,6.0,0.0302508696783267,0,0.0
8036,5.0,0.0287334683553379,0,0.0
8037,3.0,0.0285468053880023,0,1.0
8038,6.0,0.0100051332127259,0,0.0
8039,2.0,0.0098011676570909,0,0.0
8040,1.0,0.0097271641426528,0,0.0
8041,1.0,0.0111390139705682,0,0.0
8042,4.0,0.011916989782392,0,0.0
8043,13.0,0.0126924523310157,0,0.0
8044,4.0,0.0157635951198612,0,0.0
8045,4.0,0.0156681342772987,0,0.0
8046,8.0,0.0135787545768744,0,0.0
8047,12.0,0.0123627937980421,0,0.0
8048,2.0,0.013783219574565,0,0.0
8049,17.0,0.0142851081187913,0,0.0
8050,3.0,0.0245285313543379,0,0.0
8051,2.0,0.0255747852146107,0,0.0
8052,9.0,0.0267814758253066,0,0.0
8053,5.0,0.0272030225651617,0,0.0
8054,1.0,0.0270913021170644,0,0.0
8055,3.0,0.0281202250575145,0,0.0
8056,9.0,0.0262045134377042,0,0.0
8057,12.0,0.0258907714399823,0,0.0
8058,2.0,0.0291503962637781,0,1.0
8059,5.0,0.0252482478641391,0,0.0
8060,4.0,0.0251360995111232,0,0.0
8061,4.0,0.0257912602605358,0,0.0
8062,2.0,0.0251447505588014,0,1.0
8063,7.0,0.0226332669251602,0,0.0
8064,8.0,0.0217138729063492,0,1.0
8065,9.0,0.0121407947258007,0,0.0
8066,4.0,0.0126206300392583,0,0.0
8067,2.0,0.0114858910310939,0,0.0
8068,1.0,0.0111926371761293,0,0.0
8069,5.0,0.0134095607168203,0,0.0
8070,0.0,0.0119760398269212,0,0.0
8071,9.0,0.013421616146312,0,0.0
8072,1.0,0.0134724511778202,0,1.0
8073,13.0,0.0118238072360973,0,0.0
8074,7.0,0.0153017753182605,0,0.0
8075,2.0,0.014992978111666,0,0.0
8076,7.0,0.0156577109090074,0,0.0
8077,6.0,0.0163421910658547,0,0.0
8078,2.0,0.0151638162386165,0,0.0
8079,5.0,0.0160381811716554,0,0.0
8080,13.0,0.015227467956554,0,0.0
8081,10.0,0.0196572023057115,0,0.0
8082,4.0,0.0202660414414244,0,0.0
8083,7.0,0.0198862032753721,0,0.0
8084,14.0,0.0180638353888926,0,0.0
8085,2.0,0.0246893726889392,0,0.0
8086,0.0,0.0228423577325276,0,0.0
8087,0.0,0.0238292577512782,0,0.0
8088,3.0,0.024829970685355,0,1.0
8089,2.0,0.0211968826949135,0,0.0
8090,6.0,0.0219763525014251,0,0.0
8091,5.0,0.0207740643101196,0,0.0
8092,0.0,0.0203016611993108,0,0.0
8093,12.0,0.0231284073859462,0,0.0
8094,1.0,0.0249839174533824,0,0.0
8095,0.0,0.0261593905397939,0,1.0
8096,11.0,0.0242971934933227,0,0.0
8097,1.0,0.0255272016261134,0,0.0
8098,10.0,0.0268392254948626,0,0.0
8099,8.0,0.0288530516106491,0,1.0
8100,7.0,0.0229424736512153,0,0.0
8101,2.0,0.0225300801397081,0,0.0
8102,4.0,0.0206954596093249,0,0.0
8103,8.0,0.0187077395517289,0,0.0
8104,17.0,0.0186741897901413,0,0.0
8105,2.0,0.0284479293371651,0,0.0
8106,5.0,0.0291235011985997,0,0.0
8107,6.0,0.0293664454531581,0,0.0
8108,2.0,0.0271164463406602,0,1.0
8109,5.0,0.0245700217965343,0,0.0
8110,3.0,0.0228771320621686,0,0.0
8111,0.0,0.0211037977669096,0,0.0
8112,9.0,0.0215155867146712,0,0.0
8113,15.000000000000002,0.020478045564473,0,0.0
8114,8.0,0.0261813278480699,0,0.0
8115,3.0,0.0252569127796999,0,0.0
8116,13.0,0.026397594347226,0,0.0
8117,4.0,0.0298770011834352,0,0.0
8118,5.0,0.0303287356190204,0,0.0
8119,4.0,0.0288036910507047,0,1.0
8120,14.0,0.0187103708949171,0,0.0
8121,8.0,0.0239030718615945,0,0.0
8122,14.0,0.023939635629833,0,0.0
8123,5.0,0.0296814930284778,0,0.0
8124,18.0,0.028308649494352,0,0.0
8125,0.0,0.0411868007841303,1,0.0
8126,0.0,0.0438444869024438,1,0.0
8127,3.0,0.042780168477987,1,0.0
8128,7.0,0.0425150744166704,1,1.0
8129,14.0,0.0363013729320763,0,0.0
8130,9.0,0.0419402776099659,1,0.0
8131,9.0,0.0409036456905094,1,1.0
8132,5.0,0.039056981571444,1,0.0
8133,10.0,0.0376680314922514,1,0.0
8134,11.0,0.0396173695254588,1,0.0
8135,0.0,0.0407415203462581,1,1.0
8136,1.0,0.0375015464223783,1,0.0
8137,9.0,0.0392360919105074,1,1.0
8138,17.0,0.0349274862520813,0,0.0
8139,11.0,0.0455350347575927,1,1.0
8140,4.0,0.0349245322822442,0,1.0
8141,4.0,0.0331178953604928,0,1.0
8142,5.0,0.0310754794616831,0,1.0
8143,8.0,0.0307613661401781,0,1.0
8144,1.0,0.030819535565524,0,1.0
8145,6.0,0.0259213335141761,0,1.0
8146,8.0,0.0257247148594512,0,1.0
8147,4.0,0.0253891367649587,0,1.0
8148,9.0,0.0257944441139026,0,1.0
8149,3.0,0.0242990378354961,0,1.0
8150,3.0,0.0222987254352137,0,1.0
8151,5.0,0.020401293490326,0,1.0
8152,8.0,0.0194216235018885,0,1.0
8153,6.0,0.0186908122532228,0,1.0
8154,14.0,0.0078557152224967,0,1.0
8155,7.0,0.011447681288683,0,0.0
8156,3.0,0.0115871512511597,0,0.0
8157,2.0,0.0117292445496823,0,0.0
8158,6.0,0.0125418701804656,0,0.0
8159,8.0,0.0123691362204786,0,0.0
8160,1.0,0.0110470671903085,0,0.0
8161,2.0,0.0126675300023312,0,0.0
8162,7.0,0.0134410892983746,0,0.0
8163,7.0,0.0132900877844836,0,0.0
8164,12.0,0.0125944957549393,0,0.0
8165,14.0,0.0151671812907267,0,0.0
8166,7.0,0.0201923471097206,0,0.0
8167,5.0,0.0210252251616353,0,0.0
8168,18.0,0.020620835874633,0,0.0
8169,4.0,0.0331275742454002,0,1.0
8170,8.0,0.0270515003444757,0,0.0
8171,8.0,0.0274045983883589,0,0.0
8172,9.0,0.0272157099285765,0,0.0
8173,3.0,0.0281389931796359,0,0.0
8174,5.0,0.0272270556990222,0,0.0
8175,2.0,0.027773904886937,0,0.0
8176,2.0,0.0268821266551269,0,0.0
8177,5.0,0.0266070408338997,0,0.0
8178,7.0,0.0273277308433768,0,0.0
8179,6.0,0.0269859260057061,0,1.0
8180,10.0,0.0225556494601224,0,1.0
8181,4.0,0.0191502263746604,0,0.0
8182,7.0,0.019560879989168,0,0.0
8183,14.0,0.0186287558866798,0,1.0
8184,12.0,0.0123539613056218,0,0.0
8185,0.0,0.0154236566645448,0,0.0
8186,4.0,0.0170643108500741,0,0.0
8187,1.0,0.0175041111763002,0,0.0
8188,13.0,0.018797504077198,0,0.0
8189,7.0,0.0223401247606585,0,0.0
8190,1.0,0.0220763995217669,0,0.0
8191,2.0,0.0227735034479601,0,0.0
8192,9.0,0.0234397281281881,0,0.0
8193,8.0,0.0241824192716906,0,0.0
8194,2.0,0.0236512219801106,0,0.0
8195,5.0,0.0242403215510234,0,0.0
8196,5.0,0.0235074316053282,0,0.0
8197,9.0,0.0234045534941957,0,0.0
8198,3.0,0.0241972146520958,0,1.0
8199,6.0,0.0183279170287836,0,1.0
8200,4.0,0.0153857244117952,0,0.0
8201,5.0,0.0131632193486706,0,0.0
8202,7.0,0.0134250931212739,0,0.0
8203,13.0,0.0114482993016836,0,1.0
8204,2.0,0.011519933538491,0,0.0
8205,6.0,0.0123934669594035,0,0.0
8206,8.0,0.010942976862462,0,0.0
8207,7.0,0.0104244806810554,0,0.0
8208,4.0,0.0095196904170021,0,0.0
8209,14.0,0.0091963817983454,0,0.0
8210,12.0,0.0140371689098953,0,0.0
8211,0.0,0.0176154792046233,0,0.0
8212,4.0,0.0197820898732289,0,0.0
8213,3.0,0.0187576872077517,0,0.0
8214,6.0,0.0191644985405296,0,0.0
8215,4.0,0.0193080768822146,0,0.0
8216,1.0,0.0186841905111419,0,0.0
8217,6.0,0.0208613095927571,0,0.0
8218,0.0,0.0210474558749123,0,1.0
8219,7.0,0.0183534778043338,0,0.0
8220,6.0,0.0174936515907822,0,0.0
8221,3.0,0.0170406612783049,0,0.0
8222,0.0,0.0174328800597171,0,0.0
8223,8.0,0.019620264456748,0,0.0
8224,5.0,0.0200386249375468,0,1.0
8225,1.0,0.0135489185466312,0,1.0
8226,3.0,0.0117598510984815,0,0.0
8227,5.0,0.0101485487611778,0,0.0
8228,16.0,0.0099429133736372,0,0.0
8229,3.0,0.0188995795468655,0,0.0
8230,2.0,0.0190076215239522,0,0.0
8231,2.0,0.0199212816224079,0,0.0
8232,10.0,0.0192728219520042,0,0.0
8233,1.0,0.0214829336433764,0,0.0
8234,6.0,0.0199440988000621,0,0.0
8235,1.0,0.0196251134465343,0,0.0
8236,0.0,0.0218117840841779,0,0.0
8237,1.0,0.0238068362017629,0,0.0
8238,0.0,0.022792139875924,0,0.0
8239,1.0,0.0242935037461187,0,0.0
8240,1.0,0.0256819012166885,0,0.0
8241,5.0,0.0261426898649632,0,0.0
8242,2.0,0.0261345636070713,0,0.0
8243,0.0,0.0254939643206532,0,1.0
8244,1.0,0.0195243624615632,0,0.0
8245,8.0,0.0207010614292876,0,0.0
8246,1.0,0.0206426590818323,0,0.0
8247,8.0,0.0209530296425485,0,0.0
8248,3.0,0.0212038161863283,0,0.0
8249,11.0,0.0185868102982925,0,0.0
8250,10.0,0.0222834416807899,0,0.0
8251,6.0,0.0212969780400757,0,0.0
8252,8.0,0.0189865816751944,0,0.0
8253,14.0,0.0177674937918505,0,0.0
8254,3.0,0.0215288039313904,0,0.0
8255,6.0,0.0206856698370534,0,0.0
8256,5.0,0.0187239833307003,0,0.0
8257,0.0,0.0190815765726264,0,0.0
8258,11.0,0.0208381895702485,0,0.0
8259,6.0,0.0211586654378555,0,0.0
8260,5.0,0.018988338990606,0,0.0
8261,10.0,0.0181906453070051,0,0.0
8262,8.0,0.0179181666640394,0,0.0
8263,12.0,0.0191563452091813,0,0.0
8264,10.0,0.0206648258668716,0,0.0
8265,7.0,0.0202675489988519,0,0.0
8266,9.0,0.0192248516423935,0,0.0
8267,4.0,0.0202561590384909,0,0.0
8268,3.0,0.0198705472468528,0,1.0
8269,3.0,0.0143350894917312,0,0.0
8270,0.0,0.0148446556088282,0,0.0
8271,4.0,0.0169664230298191,0,0.0
8272,2.0,0.0173226171072876,0,0.0
8273,1.0,0.015386091201537,0,0.0
8274,3.0,0.0146088051647684,0,0.0
8275,2.0,0.0149849852688904,0,0.0
8276,3.0,0.0159832073419444,0,0.0
8277,3.0,0.0145296131709357,0,0.0
8278,16.0,0.0146482433545117,0,1.0
8279,3.0,0.0198004315144478,0,0.0
8280,1.0,0.0187761037437877,0,0.0
8281,2.0,0.0200175504849041,0,0.0
8282,5.0,0.0201669292295819,0,0.0
8283,10.0,0.0202413299323904,0,0.0
8284,9.0,0.0211140797623312,0,0.0
8285,1.0,0.022274236576644,0,0.0
8286,2.0,0.020804697461263,0,0.0
8287,7.0,0.021825947241947,0,0.0
8288,2.0,0.0214780163542777,0,0.0
8289,7.0,0.0200680173398062,0,0.0
8290,5.0,0.0199517558919741,0,0.0
8291,6.0,0.0193405919912326,0,0.0
8292,3.0,0.0192036985309321,0,0.0
8293,6.0,0.0187625385302741,0,1.0
8294,6.0,0.0101216048113199,0,0.0
8295,2.0,0.0094703295366598,0,0.0
8296,5.0,0.0091048508686735,0,0.0
8297,6.0,0.0083855327361832,0,0.0
8298,10.0,0.0080106135436884,0,0.0
8299,6.0,0.0081280285862304,0,0.0
8300,6.0,0.0067797393686638,0,0.0
8301,3.0,0.0056808291784314,0,0.0
8302,3.0,0.0049272466824457,0,0.0
8303,4.0,0.0055543311623178,0,0.0
8304,2.0,0.0045073922662896,0,0.0
8305,3.0,0.0052379356394263,0,0.0
8306,2.0,0.006201530266981,0,0.0
8307,9.0,0.0077379238773181,0,0.0
8308,2.0,0.0073688458538169,0,0.0
8309,7.0,0.0077913482060179,0,0.0
8310,1.0,0.0082258996629394,0,0.0
8311,18.0,0.0088684034818708,0,0.0
8312,2.0,0.0207678879831513,0,0.0
8313,0.0,0.0219690546491418,0,0.0
8314,5.0,0.0227571508143765,0,0.0
8315,0.0,0.0230357487005033,0,0.0
8316,6.0,0.0260333042498432,0,0.0
8317,11.0,0.0252518409903852,0,0.0
8318,3.0,0.0262666779468174,0,0.0
8319,7.0,0.0273204251831297,0,0.0
8320,13.0,0.0263201979640654,0,0.0
8321,9.0,0.0304137441457786,0,0.0
8322,4.0,0.0298344443686044,0,0.0
8323,2.0,0.0294996352942273,0,0.0
8324,0.0,0.0298026922436677,0,0.0
8325,5.0,0.0319866880241822,0,0.0
8326,6.0,0.0306052893430579,0,1.0
8327,8.0,0.0180751152719332,0,0.0
8328,7.0,0.0176114296920262,0,0.0
8329,5.0,0.015419475278721,0,0.0
8330,5.0,0.0153185162812498,0,0.0
8331,7.0,0.0126708042243428,0,0.0
8332,5.0,0.012807324916211,0,0.0
8333,7.0,0.0105010786090949,0,0.0
8334,7.0,0.0103517179211907,0,0.0
8335,10.0,0.0103316960531891,0,1.0
8336,8.0,0.0075219343907001,0,0.0
8337,7.0,0.0069883828640333,0,0.0
8338,15.000000000000002,0.0069997514718967,0,0.0
8339,1.0,0.0135930160057768,0,0.0
8340,1.0,0.0125173409010707,0,0.0
8341,3.0,0.0142947704668132,0,0.0
8342,0.0,0.0147438261003055,0,0.0
8343,1.0,0.0170521593194718,0,0.0
8344,0.0,0.0182445069979166,0,0.0
8345,1.0,0.0206511936518119,0,0.0
8346,10.0,0.0218730456630283,0,0.0
8347,4.0,0.0231191911033633,0,0.0
8348,10.0,0.0231339527738025,0,0.0
8349,9.0,0.0242477257382028,0,0.0
8350,5.0,0.0252497639584362,0,0.0
8351,8.0,0.0237954979415143,0,0.0
8352,6.0,0.0235267915896471,0,0.0
8353,7.0,0.0237539911703441,0,1.0
8354,0.0,0.0165901260686718,0,0.0
8355,3.0,0.0180002313665329,0,0.0
8356,5.0,0.0165550653915315,0,0.0
8357,3.0,0.0163252068473066,0,0.0
8358,3.0,0.014117749605347,0,0.0
8359,6.0,0.0130378374478568,0,0.0
8360,10.0,0.0108906261009511,0,0.0
8361,10.0,0.0106824596257972,0,0.0
8362,6.0,0.0104717761193042,0,0.0
8363,1.0,0.0101885620760226,0,0.0
8364,7.0,0.0100689767216211,0,0.0
8365,9.0,0.0099410778791061,0,0.0
8366,0.0,0.0107241475339383,0,0.0
8367,1.0,0.0124784658972998,0,0.0
8368,5.0,0.0141072826953505,0,0.0
8369,4.0,0.0142424977615734,0,0.0
8370,1.0,0.0122069455906184,0,0.0
8371,3.0,0.0124376926652502,0,0.0
8372,9.0,0.0131545931972919,0,0.0
8373,5.0,0.0137748906454399,0,0.0
8374,5.0,0.0134006036160565,0,0.0
8375,5.0,0.0130762492597716,0,0.0
8376,8.0,0.011468426163679,0,0.0
8377,3.0,0.0103306779853881,0,0.0
8378,6.0,0.0115900879331734,0,0.0
8379,5.0,0.0097459783039396,0,0.0
8380,8.0,0.0090484532537782,0,0.0
8381,8.0,0.0088433471178737,0,0.0
8382,16.0,0.0070628510013642,0,0.0
8383,8.0,0.0140582276509093,0,0.0
8384,4.0,0.0145672156609727,0,0.0
8385,1.0,0.0145215101421354,0,0.0
8386,3.0,0.0149197113715558,0,0.0
8387,8.0,0.0148894157720878,0,0.0
8388,9.0,0.0144922385157317,0,0.0
8389,6.0,0.0153480568510851,0,0.0
8390,3.0,0.0152711990236593,0,0.0
8391,5.0,0.0154371305819571,0,0.0
8392,3.0,0.0154202650040284,0,0.0
8393,9.0,0.0146558606860421,0,0.0
8394,6.0,0.0158119143482185,0,0.0
8395,7.0,0.0159780135590614,0,0.0
8396,6.0,0.0161743305823863,0,0.0
8397,2.0,0.0156072573871365,0,1.0
8398,2.0,0.0075621088805208,0,0.0
8399,4.0,0.0078248265059727,0,0.0
8400,3.0,0.0077385506031351,0,0.0
8401,0.0,0.0068139040599578,0,0.0
8402,0.0,0.0085718088773882,0,0.0
8403,0.0,0.0103755524932418,0,0.0
8404,0.0,0.0118901490744673,0,0.0
8405,2.0,0.0145032081079459,0,0.0
8406,2.0,0.0144612979259887,0,0.0
8407,6.0,0.0155262055852865,0,0.0
8408,11.0,0.01521005997598,0,0.0
8409,14.0,0.0164245365401823,0,0.0
8410,7.0,0.0212621157138848,0,0.0
8411,4.0,0.0223207369871271,0,0.0
8412,11.0,0.0214667019600049,0,0.0
8413,6.0,0.0241505668175117,0,0.0
8414,4.0,0.0226581641614132,0,0.0
8415,12.0,0.0232921764893279,0,0.0
8416,0.0,0.0260186642953751,0,0.0
8417,6.0,0.0260826679552858,0,0.0
8418,8.0,0.0240147367360867,0,0.0
8419,4.0,0.0220938287454039,0,0.0
8420,1.0,0.019456208156258,0,0.0
8421,8.0,0.0202229194803854,0,0.0
8422,6.0,0.0198641125790902,0,0.0
8423,16.0,0.0194776867477108,0,0.0
8424,7.0,0.0265281870673212,0,1.0
8425,5.0,0.0204260468357495,0,0.0
8426,5.0,0.0201150900531877,0,0.0
8427,8.0,0.020656677581267,0,0.0
8428,20.0,0.018366877099808,0,0.0
8429,2.0,0.0350715664025649,0,0.0
8430,16.0,0.0356021059879511,0,1.0
8431,1.0,0.0420468235641187,1,0.0
8432,0.0,0.0399660107769198,1,0.0
8433,1.0,0.043092178957458,1,0.0
8434,0.0,0.0440072286201116,1,0.0
8435,2.0,0.0463080756123262,1,0.0
8436,6.0,0.0458834483544128,1,0.0
8437,15.000000000000002,0.0448783598293091,1,0.0
8438,7.0,0.052634449310625,1,1.0
8439,6.0,0.0429174072844821,1,0.0
8440,0.0,0.0431296177147432,1,0.0
8441,0.0,0.0447445531930761,1,0.0
8442,1.0,0.0477979234333901,1,0.0
8443,9.0,0.0488293157757622,1,1.0
8444,4.0,0.0341161252831388,0,0.0
8445,4.0,0.0329794928550674,0,1.0
8446,9.0,0.0240755733911516,0,1.0
8447,5.0,0.0235192136356827,0,1.0
8448,2.0,0.0206361611187485,0,1.0
8449,6.0,0.0200490946413705,0,1.0
8450,3.0,0.0179044250454897,0,1.0
8451,2.0,0.0179707125295828,0,1.0
8452,5.0,0.0188283754482009,0,1.0
8453,19.0,0.011278220194362,0,1.0
8454,3.0,0.0256045988993785,0,1.0
8455,2.0,0.0257350710872327,0,1.0
8456,11.0,0.0245325894106542,0,1.0
8457,1.0,0.0250634989825291,0,1.0
8458,3.0,0.0247752465839749,0,1.0
8459,3.0,0.0242552916592064,0,0.0
8460,7.0,0.024715548678635,0,0.0
8461,11.0,0.0249659204371326,0,0.0
8462,6.0,0.0261072495722082,0,0.0
8463,2.0,0.0259763140433112,0,0.0
8464,7.0,0.0256043128065311,0,0.0
8465,5.0,0.0262288710898921,0,0.0
8466,9.0,0.0261058090065255,0,0.0
8467,2.0,0.0256981466655104,0,0.0
8468,8.0,0.0262047643312616,0,1.0
8469,2.0,0.0128874184137567,0,0.0
8470,0.0,0.0135068712964919,0,0.0
8471,3.0,0.0146594884253265,0,0.0
8472,2.0,0.0124588783869337,0,0.0
8473,8.0,0.0121440229947099,0,0.0
8474,5.0,0.0123286419125477,0,0.0
8475,7.0,0.011435452403252,0,0.0
8476,3.0,0.0116173084796614,0,0.0
8477,2.0,0.0093209665294361,0,0.0
8478,3.0,0.0103618633130558,0,0.0
8479,1.0,0.0097769987899583,0,0.0
8480,3.0,0.0109014347170094,0,0.0
8481,2.0,0.0120768457507107,0,0.0
8482,5.0,0.0123875685825164,0,0.0
8483,1.0,0.0109353469896516,0,0.0
8484,1.0,0.0110952706088365,0,0.0
8485,1.0,0.0125397755478881,0,0.0
8486,8.0,0.0122436454432789,0,0.0
8487,5.0,0.0116692817897956,0,0.0
8488,2.0,0.0110382036336345,0,0.0
8489,6.0,0.0117358293912912,0,0.0
8490,2.0,0.0116911260531519,0,0.0
8491,2.0,0.012395025261028,0,0.0
8492,1.0,0.0132567173862513,0,0.0
8493,11.0,0.0136973977333763,0,0.0
8494,6.0,0.0156842107894867,0,0.0
8495,5.0,0.0138009222184148,0,0.0
8496,4.0,0.0121903730357449,0,0.0
8497,1.0,0.0122492001848371,0,0.0
8498,5.0,0.0139986152721489,0,0.0
8499,2.0,0.0124987452558125,0,0.0
8500,1.0,0.0120760610534602,0,0.0
8501,4.0,0.0116201573724934,0,0.0
8502,14.0,0.0113917128042609,0,0.0
8503,3.0,0.0170452218597707,0,0.0
8504,12.0,0.0163238277314892,0,0.0
8505,13.0,0.0195648257340397,0,0.0
8506,8.0,0.02336848163176,0,0.0
8507,10.0,0.0232530933500656,0,0.0
8508,4.0,0.0226186354571229,0,0.0
8509,6.0,0.0211700177514584,0,0.0
8510,4.0,0.0213034914382501,0,0.0
8511,2.0,0.0215668470154446,0,0.0
8512,7.0,0.0224954618379147,0,0.0
8513,4.0,0.0207517468651411,0,0.0
8514,6.0,0.0208434843587324,0,0.0
8515,10.0,0.0201505904287316,0,0.0
8516,10.0,0.0192819646479245,0,0.0
8517,10.0,0.0209356565540021,0,1.0
8518,3.0,0.0170285218594778,0,0.0
8519,1.0,0.0166931462740765,0,1.0
8520,6.0,0.015696142260405,0,1.0
8521,14.0,0.0110418933545062,0,0.0
8522,11.0,0.0161523159983561,0,0.0
8523,4.0,0.0165056574286107,0,0.0
8524,1.0,0.0164163266449447,0,0.0
8525,7.0,0.0189028588820611,0,0.0
8526,16.0,0.018246783066818,0,0.0
8527,3.0,0.0260892839677062,0,0.0
8528,12.0,0.0260641171127168,0,0.0
8529,2.0,0.0284477591412071,0,0.0
8530,9.0,0.0312562355213061,0,0.0
8531,7.0,0.0308847070347127,0,0.0
8532,2.0,0.0283921433361095,0,0.0
8533,7.0,0.027935655279783,0,0.0
8534,3.0,0.028470038222536,0,0.0
8535,5.0,0.0270861627403367,0,0.0
8536,4.0,0.026962802686159,0,1.0
8537,2.0,0.0205874340861994,0,0.0
8538,14.0,0.0196693035547729,0,0.0
8539,3.0,0.0253103092766388,0,0.0
8540,8.0,0.0240345439745768,0,0.0
8541,0.0,0.0241227632288368,0,1.0
8542,0.0,0.0176734192967416,0,0.0
8543,4.0,0.0198525851262086,0,1.0
8544,0.0,0.0166834990431319,0,0.0
8545,10.0,0.017847144182889,0,0.0
8546,6.0,0.0183323854043146,0,0.0
8547,8.0,0.018445818774006,0,0.0
8548,7.0,0.0181654263823934,0,0.0
8549,17.0,0.0175236473998323,0,0.0
8550,6.0,0.0277226340909982,0,0.0
8551,0.0,0.0271689629509473,0,0.0
8552,7.0,0.0301722022677978,0,0.0
8553,0.0,0.0296153675853607,0,1.0
8554,8.0,0.0269013865477384,0,0.0
8555,1.0,0.0263174171136794,0,0.0
8556,6.0,0.0272246783061985,0,0.0
8557,10.0,0.0253223003263537,0,0.0
8558,13.0,0.0243143138940671,0,0.0
8559,2.0,0.0287527426077881,0,0.0
8560,8.0,0.0272171385767124,0,0.0
8561,11.0,0.0257285714169475,0,0.0
8562,6.0,0.0287436099266842,0,0.0
8563,5.0,0.0275260049377877,0,0.0
8564,12.0,0.0275593423223281,0,1.0
8565,0.0,0.0202857283004384,0,0.0
8566,6.0,0.0231989610149884,0,0.0
8567,7.0,0.02052272619673,0,0.0
8568,12.0,0.0205423388312577,0,0.0
8569,1.0,0.0214318585636462,0,0.0
8570,1.0,0.0228556827128795,0,0.0
8571,4.0,0.0228071340094565,0,0.0
8572,5.0,0.0230367185534264,0,0.0
8573,3.0,0.0211741189372852,0,1.0
8574,4.0,0.0172980148253897,0,0.0
8575,3.0,0.0160068531836839,0,0.0
8576,2.0,0.0166149550511394,0,0.0
8577,12.0,0.0148049996972454,0,0.0
8578,5.0,0.0179580094119709,0,0.0
8579,5.0,0.0177687226187335,0,1.0
8580,4.0,0.014829059910547,0,0.0
8581,5.0,0.0125170457072316,0,0.0
8582,3.0,0.0130198648826678,0,0.0
8583,5.0,0.0124089992581212,0,1.0
8584,7.0,0.0093378081196473,0,0.0
8585,3.0,0.0082517761220319,0,0.0
8586,12.0,0.0072659063108185,0,0.0
8587,2.0,0.0103616752846641,0,0.0
8588,4.0,0.0110117834790892,0,0.0
8589,1.0,0.0111422521075845,0,0.0
8590,1.0,0.0120464830690981,0,0.0
8591,2.0,0.0139326309097761,0,0.0
8592,1.0,0.0134474854982846,0,1.0
8593,1.0,0.0115829846360797,0,0.0
8594,4.0,0.0137345493003833,0,0.0
8595,3.0,0.0135627946663431,0,0.0
8596,14.0,0.013681990928519,0,0.0
8597,5.0,0.0189547056689531,0,0.0
8598,7.0,0.0186295070956751,0,0.0
8599,6.0,0.0188177476643003,0,0.0
8600,7.0,0.0185621973132759,0,0.0
8601,8.0,0.0182141085823434,0,1.0
8602,4.0,0.0157049559778957,0,0.0
8603,8.0,0.0148829083599461,0,0.0
8604,7.0,0.015745385429453,0,0.0
8605,4.0,0.0137749129681272,0,0.0
8606,5.0,0.0125916255098023,0,0.0
8607,9.0,0.0115893662952778,0,0.0
8608,3.0,0.0111599946237517,0,0.0
8609,9.0,0.010092377421835,0,0.0
8610,7.0,0.0106382443105855,0,0.0
8611,5.0,0.010167828937305,0,1.0
8612,6.0,0.0046775392015638,0,0.0
8613,2.0,0.0044883087744448,0,0.0
8614,9.0,0.0054167106441985,0,0.0
8615,9.0,0.0063573684189733,0,0.0
8616,12.0,0.0072330802182552,0,0.0
8617,15.000000000000002,0.0102316979661504,0,0.0
8618,0.0,0.017415220332626,0,0.0
8619,3.0,0.018648409139968,0,0.0
8620,4.0,0.019400729076282,0,0.0
8621,11.0,0.0195841019925109,0,0.0
8622,4.0,0.0216929015824566,0,0.0
8623,5.0,0.0208216433473832,0,0.0
8624,4.0,0.020504849759883,0,0.0
8625,1.0,0.0198453077683296,0,0.0
8626,4.0,0.0211784890772385,0,0.0
8627,3.0,0.0210513854818117,0,0.0
8628,5.0,0.0212316639965119,0,0.0
8629,8.0,0.021035598954867,0,0.0
8630,2.0,0.0203166257414574,0,0.0
8631,8.0,0.0200464271243507,0,1.0
8632,5.0,0.0167179937055763,0,1.0
8633,4.0,0.0099026974937867,0,0.0
8634,12.0,0.0077956941714981,0,0.0
8635,0.0,0.0106898516067705,0,0.0
8636,10.0,0.0130200323096443,0,0.0
8637,12.0,0.0123696584866161,0,0.0
8638,4.0,0.0153377533323768,0,0.0
8639,1.0,0.0156868630833385,0,0.0
8640,8.0,0.0168556849364303,0,0.0
8641,2.0,0.0162575712757533,0,0.0
8642,0.0,0.0165969825433619,0,0.0
8643,2.0,0.0185717444610482,0,0.0
8644,0.0,0.0195467837300191,0,0.0
8645,2.0,0.0215867858513139,0,0.0
8646,1.0,0.0219791813101475,0,0.0
8647,6.0,0.0223535850683299,0,0.0
8648,3.0,0.02226467573687,0,0.0
8649,5.0,0.0224476979659807,0,1.0
8650,3.0,0.0195052794925345,0,0.0
8651,5.0,0.0163284540748406,0,0.0
8652,8.0,0.0152840715836598,0,1.0
8653,5.0,0.0124019327842603,0,0.0
8654,1.0,0.0124187025513149,0,0.0
8655,0.0,0.0124776778102375,0,0.0
8656,8.0,0.0145135351168457,0,0.0
8657,4.0,0.0140004879173585,0,0.0
8658,3.0,0.0119943929587075,0,0.0
8659,4.0,0.0115588254757174,0,0.0
8660,9.0,0.009254124847953,0,0.0
8661,13.0,0.0095775443028791,0,0.0
8662,6.0,0.0123527347877706,0,0.0
8663,4.0,0.012042235144914,0,0.0
8664,6.0,0.0118402943894476,0,0.0
8665,8.0,0.0120910845976869,0,0.0
8666,8.0,0.0121096385033478,0,0.0
8667,6.0,0.0124216358992511,0,0.0
8668,9.0,0.0118133490635892,0,0.0
8669,6.0,0.013317051097402,0,0.0
8670,2.0,0.0115213580316905,0,0.0
8671,6.0,0.0100422677279982,0,0.0
8672,6.0,0.0094378487618595,0,0.0
8673,2.0,0.0093544665869055,0,0.0
8674,0.0,0.0100314444889783,0,0.0
8675,4.0,0.0122280850347957,0,0.0
8676,5.0,0.0115514460786051,0,1.0
8677,8.0,0.0069948991263492,0,0.0
8678,3.0,0.0072448056551336,0,0.0
8679,3.0,0.0073161370414456,0,0.0
8680,1.0,0.0079833339537519,0,0.0
8681,14.0,0.0091742443814853,0,0.0
8682,5.0,0.0143762701477757,0,0.0
8683,4.0,0.0138523705132441,0,0.0
8684,6.0,0.013065648470742,0,0.0
8685,1.0,0.0136476169539856,0,0.0
8686,2.0,0.0144400925202502,0,0.0
8687,4.0,0.0152167983781551,0,0.0
8688,1.0,0.0154042470951829,0,0.0
8689,6.0,0.0157144796787055,0,0.0
8690,2.0,0.013521702302958,0,0.0
8691,9.0,0.0143223224973793,0,0.0
8692,6.0,0.015246572870071,0,0.0
8693,3.0,0.0144744872562357,0,0.0
8694,0.0,0.0145451122922407,0,0.0
8695,15.000000000000002,0.016869791413785,0,0.0
8696,10.0,0.0223741198898163,0,1.0
8697,9.0,0.0181285121617026,0,0.0
8698,13.0,0.0189378950687037,0,0.0
8699,4.0,0.023468395770621,0,0.0
8700,7.0,0.0235541242696629,0,0.0
8701,7.0,0.0225337654472435,0,0.0
8702,3.0,0.0213747321942321,0,0.0
8703,5.0,0.0219711372865772,0,0.0
8704,12.0,0.0203685285141469,0,0.0
8705,8.0,0.0243692258033134,0,0.0
8706,4.0,0.0240923555243033,0,0.0
8707,7.0,0.0224924205125586,0,0.0
8708,5.0,0.0222525802815072,0,0.0
8709,2.0,0.0216053316863349,0,0.0
8710,0.0,0.0208302333370715,0,1.0
8711,1.0,0.015819490775648,0,0.0
8712,3.0,0.0161582561534937,0,0.0
8713,1.0,0.0154966574897074,0,1.0
8714,4.0,0.0124038951880009,0,0.0
8715,2.0,0.0121525888270596,0,0.0
8716,0.0,0.0131392547871712,0,0.0
8717,2.0,0.0155858769936924,0,0.0
8718,6.0,0.0154013141962806,0,0.0
8719,2.0,0.0155462445032906,0,1.0
8720,9.0,0.0134713094304711,0,0.0
8721,19.0,0.014127043749893,0,0.0
8722,5.0,0.027960227738013,0,0.0
8723,5.0,0.0274764941702405,0,0.0
8724,7.0,0.0272836805747366,0,0.0
8725,0.0,0.0267633709006169,0,0.0
8726,5.0,0.0277515861819964,0,0.0
8727,11.0,0.0261430864944005,0,0.0
8728,4.0,0.0278297839389948,0,0.0
8729,7.0,0.0264669297040555,0,0.0
8730,13.0,0.0264527219688265,0,0.0
8731,3.0,0.0300030643802062,0,0.0
8732,7.0,0.0280193968791193,0,0.0
8733,17.0,0.02673561564087,0,0.0
8734,6.0,0.0374731490251757,1,0.0
8735,5.0,0.0365288286901602,0,0.0
8736,6.0,0.035301349055297,0,1.0
8737,2.0,0.0212792236440344,0,0.0
8738,18.0,0.0225396347234254,0,0.0
8739,13.0,0.0349934100585464,0,0.0
8740,1.0,0.0386291480441725,1,0.0
8741,3.0,0.0387531653321345,1,0.0
8742,6.0,0.0389855968869696,1,0.0
8743,6.0,0.0370446428000777,0,0.0
8744,18.0,0.0355137479961154,0,0.0
8745,8.0,0.0478977647583634,1,1.0
8746,12.0,0.0442201123521087,1,0.0
8747,6.0,0.0474080412074714,1,0.0
8748,1.0,0.0461200733589306,1,1.0
8749,8.0,0.0380604586477492,1,1.0
8750,3.0,0.0388256684206306,1,0.0
8751,11.0,0.0390882825021708,1,0.0
8752,5.0,0.0425847546618489,1,0.0
8753,3.0,0.0399356148410969,1,1.0
8754,11.0,0.02835023861579,0,1.0
8755,2.0,0.0263174051876878,0,1.0
8756,0.0,0.025817955472579,0,1.0
8757,1.0,0.0271856724213677,0,1.0
8758,2.0,0.0292437153370461,0,0.0
8759,4.0,0.030260354966278,0,1.0
8760,2.0,0.0178970525831777,0,1.0
8761,4.0,0.0187395922069241,0,1.0
8762,2.0,0.0154330716020339,0,1.0
8763,1.0,0.0161161217196951,0,1.0
8764,4.0,0.0158722447460813,0,1.0
8765,10.0,0.0160267967850557,0,1.0
8766,3.0,0.0168122809255754,0,1.0
8767,2.0,0.0144943465868215,0,1.0
8768,2.0,0.0166430102319158,0,1.0
8769,11.0,0.01626334553067,0,0.0
8770,9.0,0.0167158622657598,0,0.0
8771,8.0,0.0163588996358451,0,0.0
8772,7.0,0.0142010908179656,0,0.0
8773,11.0,0.0132255219197819,0,0.0
8774,0.0,0.0148245214530643,0,0.0
8775,3.0,0.0167552334391975,0,0.0
8776,8.0,0.0158426855227383,0,0.0
8777,4.0,0.0168223189616936,0,0.0
8778,3.0,0.0159536224507179,0,0.0
8779,9.0,0.0150021871418917,0,0.0
8780,2.0,0.0155046628991186,0,0.0
8781,11.0,0.0149215024858683,0,0.0
8782,8.0,0.016760467497443,0,0.0
8783,3.0,0.0166291163088029,0,0.0
8784,0.0,0.0153906737323312,0,0.0
8785,2.0,0.0159807094393794,0,0.0
8786,18.0,0.0158900512525281,0,0.0
8787,4.0,0.0281541525690457,0,0.0
8788,4.0,0.0271166978320772,0,0.0
8789,14.0,0.0254581682700094,0,0.0
8790,8.0,0.0287793202389727,0,0.0
8791,7.0,0.0292455544594238,0,0.0
8792,2.0,0.0281801441762355,0,0.0
8793,9.0,0.0289370693968566,0,0.0
8794,8.0,0.0297938144421117,0,0.0
8795,1.0,0.0293232642350466,0,0.0
8796,3.0,0.030169755606915,0,0.0
8797,6.0,0.0280272992422337,0,0.0
8798,8.0,0.0277850069945475,0,0.0
8799,5.0,0.0278069387685571,0,0.0
8800,3.0,0.0251752522305478,0,0.0
8801,1.0,0.0243239997958005,0,1.0
8802,4.0,0.0137901641825639,0,0.0
8803,0.0,0.0142753654291583,0,0.0
8804,1.0,0.0162307797919068,0,1.0
8805,7.0,0.0116779936844783,0,0.0
8806,4.0,0.011635088051453,0,0.0
8807,3.0,0.011816545988516,0,0.0
8808,9.0,0.0107533106072503,0,0.0
8809,9.0,0.0109076889634245,0,0.0
8810,12.0,0.0116138708217506,0,0.0
8811,9.0,0.0132234477511536,0,0.0
8812,1.0,0.0137563510517611,0,0.0
8813,2.0,0.0154026174094073,0,0.0
8814,6.0,0.0160526412815458,0,0.0
8815,2.0,0.016791985070114,0,0.0
8816,8.0,0.0160963703512918,0,0.0
8817,8.0,0.0154896220405798,0,0.0
8818,7.0,0.0159095024581571,0,0.0
8819,8.0,0.0138702472904676,0,0.0
8820,0.0,0.0121014922495188,0,0.0
8821,1.0,0.0144201988111911,0,0.0
8822,9.0,0.0159201028509479,0,0.0
8823,5.0,0.0165168995005543,0,0.0
8824,12.0,0.0155989801881105,0,0.0
8825,0.0,0.0179666336388782,0,1.0
8826,4.0,0.0169130947213535,0,0.0
8827,4.0,0.0164586733577968,0,0.0
8828,6.0,0.014681129480569,0,0.0
8829,5.0,0.0136372180093809,0,0.0
8830,0.0,0.0135240099759092,0,0.0
8831,5.0,0.015117746619363,0,0.0
8832,2.0,0.0152818093976168,0,0.0
8833,11.0,0.0154509597581843,0,0.0
8834,12.0,0.0167028634671009,0,0.0
8835,9.0,0.0199576358411693,0,0.0
8836,4.0,0.0186848642357733,0,0.0
8837,3.0,0.0173539995459716,0,0.0
8838,9.0,0.0172203341225823,0,0.0
8839,8.0,0.0180261217601161,0,1.0
8840,13.0,0.0147915631965365,0,0.0
8841,4.0,0.0171714892249527,0,0.0
8842,7.0,0.0174333611440631,0,0.0
8843,0.0,0.0175990991010503,0,0.0
8844,4.0,0.0195588663110146,0,0.0
8845,15.000000000000002,0.0199111249617935,0,0.0
8846,3.0,0.0246325153530531,0,0.0
8847,3.0,0.0247104539352182,0,0.0
8848,9.0,0.0250765719397365,0,0.0
8849,9.0,0.0237035749014972,0,1.0
8850,7.0,0.0207678631334988,0,0.0
8851,2.0,0.0196825012630339,0,0.0
8852,1.0,0.0204200059081522,0,0.0
8853,4.0,0.0219119518017767,0,0.0
8854,3.0,0.0214824838437277,0,0.0
8855,2.0,0.0209303730436978,0,1.0
8856,7.0,0.0170963571266273,0,0.0
8857,6.0,0.017280543585624,0,0.0
8858,9.0,0.0175177564127943,0,0.0
8859,10.0,0.0158730445937638,0,0.0
8860,7.0,0.0166005967333912,0,1.0
8861,2.0,0.0099269505211347,0,0.0
8862,4.0,0.0106369108483357,0,0.0
8863,0.0,0.0104925274803914,0,0.0
8864,11.0,0.0120192093420626,0,0.0
8865,3.0,0.0131690153481784,0,0.0
8866,7.0,0.0136879989168807,0,0.0
8867,4.0,0.0129578024654464,0,0.0
8868,4.0,0.0114300893263815,0,0.0
8869,5.0,0.0114427017237471,0,0.0
8870,5.0,0.0108570377716313,0,0.0
8871,16.0,0.0097737723962733,0,0.0
8872,11.0,0.0184868262009705,0,0.0
8873,14.0,0.0210321970230581,0,0.0
8874,1.0,0.0259145652818648,0,0.0
8875,1.0,0.0254623372349085,0,0.0
8876,0.0,0.0273966672695155,0,0.0
8877,3.0,0.0286286266683792,0,0.0
8878,3.0,0.0288949047781499,0,0.0
8879,6.0,0.027137761725836,0,0.0
8880,2.0,0.0249515761943408,0,0.0
8881,2.0,0.0256614140292454,0,0.0
8882,2.0,0.0257943244726818,0,0.0
8883,4.0,0.0264580597866341,0,0.0
8884,9.0,0.0264261091611458,0,0.0
8885,7.0,0.0272762879601381,0,0.0
8886,3.0,0.0275226911009482,0,1.0
8887,1.0,0.0193885690458041,0,0.0
8888,0.0,0.0182611094015208,0,1.0
8889,6.0,0.0151416828281307,0,0.0
8890,2.0,0.0138966753539585,0,0.0
8891,7.0,0.0131043362954735,0,0.0
8892,3.0,0.0107212387318684,0,0.0
8893,1.0,0.0107789838682242,0,0.0
8894,9.0,0.0119801887369548,0,0.0
8895,12.0,0.0125975697086175,0,0.0
8896,3.0,0.0152096837456386,0,0.0
8897,3.0,0.0142125700351887,0,0.0
8898,0.0,0.0141634674413994,0,0.0
8899,12.0,0.0166649980617963,0,0.0
8900,5.0,0.0190769094687665,0,0.0
8901,6.0,0.0184776872294605,0,0.0
8902,6.0,0.0183300232341495,0,0.0
8903,7.0,0.0166169479457518,0,0.0
8904,1.0,0.0149854467575556,0,0.0
8905,3.0,0.0161109355247572,0,0.0
8906,2.0,0.0157044735344533,0,0.0
8907,0.0,0.0166069531273472,0,0.0
8908,0.0,0.0183199188354566,0,0.0
8909,8.0,0.0194607635708644,0,0.0
8910,0.0,0.0186935149815845,0,1.0
8911,3.0,0.0175796902181959,0,0.0
8912,9.0,0.0178643756176077,0,0.0
8913,4.0,0.0180179200122266,0,0.0
8914,8.0,0.0152709662944643,0,1.0
8915,4.0,0.0129091021863268,0,0.0
8916,6.0,0.0129908057989114,0,0.0
8917,2.0,0.0133610138272346,0,0.0
8918,5.0,0.0137049364474442,0,0.0
8919,4.0,0.0142152594486281,0,0.0
8920,7.0,0.0123628499289555,0,0.0
8921,4.0,0.0124559950078555,0,0.0
8922,1.0,0.0115124217612826,0,0.0
8923,2.0,0.010509974653551,0,0.0
8924,5.0,0.0092631785519685,0,0.0
8925,6.0,0.0086395016757747,0,0.0
8926,6.0,0.0065545343738049,0,0.0
8927,7.0,0.0055654358663924,0,0.0
8928,1.0,0.0051269101554113,0,0.0
8929,1.0,0.0065772537623467,0,0.0
8930,2.0,0.0075828224258033,0,0.0
8931,3.0,0.0085576860173694,0,0.0
8932,6.0,0.008487044081823,0,0.0
8933,8.0,0.0076645477511812,0,0.0
8934,4.0,0.0089009742442903,0,0.0
8935,5.0,0.0084336121023887,0,0.0
8936,0.0,0.0077958005051491,0,0.0
8937,6.0,0.0102570608276388,0,0.0
8938,18.0,0.0091660508006534,0,0.0
8939,11.0,0.0203987072557459,0,0.0
8940,12.0,0.0224912261840693,0,0.0
8941,10.0,0.0260922916281003,0,0.0
8942,8.0,0.0273769044829496,0,0.0
8943,3.0,0.0284797781790128,0,0.0
8944,5.0,0.026644922289837,0,0.0
8945,3.0,0.0260659257561251,0,0.0
8946,5.0,0.0256250194522064,0,0.0
8947,6.0,0.0251147086325916,0,0.0
8948,6.0,0.0250334538596737,0,0.0
8949,0.0,0.0241235175208507,0,0.0
8950,7.0,0.0257390827899994,0,0.0
8951,0.0,0.0265975313724609,0,0.0
8952,0.0,0.0262181118039067,0,0.0
8953,1.0,0.0283171804046232,0,1.0
8954,0.0,0.0177548771033811,0,0.0
8955,0.0,0.0182021679522547,0,1.0
8956,3.0,0.0166754307924695,0,0.0
8957,1.0,0.0160908355642881,0,0.0
8958,12.0,0.0160568014339176,0,0.0
8959,13.0,0.0198427175038986,0,0.0
8960,3.0,0.0236445472702389,0,0.0
8961,3.0,0.023591820500915,0,0.0
8962,0.0,0.0243114307756947,0,0.0
8963,2.0,0.0271539577883099,0,0.0
8964,1.0,0.0285183397413551,0,0.0
8965,2.0,0.0269356107021275,0,0.0
8966,2.0,0.0283703694100852,0,0.0
8967,1.0,0.0265215752124826,0,0.0
8968,4.0,0.0259831701993181,0,0.0
8969,5.0,0.0242702013600446,0,0.0
8970,3.0,0.0214094792279174,0,0.0
8971,7.0,0.0197294456937187,0,0.0
8972,6.0,0.0197883599039865,0,0.0
8973,2.0,0.017891720643982,0,1.0
8974,4.0,0.0144971715071024,0,1.0
8975,7.0,0.0118020827233894,0,0.0
8976,9.0,0.0113905718024646,0,0.0
8977,1.0,0.0112190055079312,0,0.0
8978,18.0,0.0109518891287866,0,0.0
8979,7.0,0.0221140880149314,0,0.0
8980,3.0,0.0208508499996826,0,0.0
8981,7.0,0.0205021830869445,0,0.0
8982,7.0,0.0196975825993446,0,0.0
8983,3.0,0.0182974815148407,0,0.0
8984,5.0,0.018672154183935,0,0.0
8985,1.0,0.0187343987256552,0,0.0
8986,0.0,0.0199249435489946,0,0.0
8987,0.0,0.0219379439777239,0,0.0
8988,4.0,0.024460121103216,0,0.0
8989,2.0,0.0233477964558528,0,0.0
8990,0.0,0.023991168699843,0,0.0
8991,7.0,0.0266293588623844,0,0.0
8992,11.0,0.0257012883551199,0,0.0
8993,8.0,0.0261815321315494,0,1.0
8994,6.0,0.0138354438213895,0,0.0
8995,9.0,0.0139601741214959,0,0.0
8996,8.0,0.0145711013179672,0,0.0
8997,8.0,0.0150297055681793,0,0.0
8998,11.0,0.0153603328543938,0,0.0
8999,7.0,0.0174131752031734,0,0.0
9000,0.0,0.0176275793668519,0,0.0
9001,2.0,0.0185399802290829,0,0.0
9002,4.0,0.0173795642070974,0,0.0
9003,4.0,0.0150066611353158,0,0.0
9004,1.0,0.0148750831936345,0,0.0
9005,12.0,0.0157903051918787,0,0.0
9006,2.0,0.0166569442691485,0,0.0
9007,5.0,0.0172202722085635,0,0.0
9008,6.0,0.0145729454651918,0,0.0
9009,2.0,0.0141920337202258,0,0.0
9010,9.0,0.0149838408961649,0,0.0
9011,1.0,0.0151703931781461,0,0.0
9012,8.0,0.016085942112237,0,0.0
9013,5.0,0.0162436043333886,0,0.0
9014,2.0,0.0134992639208467,0,0.0
9015,1.0,0.0151130425030353,0,0.0
9016,4.0,0.0136612903425349,0,0.0
9017,18.0,0.0130900097791252,0,0.0
9018,3.0,0.0255554448803773,0,0.0
9019,11.0,0.0252356251131417,0,0.0
9020,2.0,0.0261502100401505,0,1.0
9021,5.0,0.0238219506439436,0,0.0
9022,4.0,0.0235506909262597,0,0.0
9023,7.0,0.0231902003270031,0,0.0
9024,3.0,0.0234906344248391,0,0.0
9025,9.0,0.0227889484690722,0,0.0
9026,16.0,0.0234057875217295,0,0.0
9027,1.0,0.0303437029949036,0,0.0
9028,4.0,0.030764065389888,0,0.0
9029,6.0,0.0315148720155369,0,0.0
9030,6.0,0.0303128262312938,0,0.0
9031,5.0,0.0294391648926457,0,0.0
9032,7.0,0.0282784428652111,0,1.0
9033,11.0,0.0164295122218435,0,0.0
9034,2.0,0.0184614161601836,0,0.0
9035,2.0,0.0172048792293312,0,0.0
9036,9.0,0.0169842113220698,0,0.0
9037,5.0,0.0181623010800489,0,0.0
9038,6.0,0.0180522909548304,0,0.0
9039,9.0,0.018467802019159,0,0.0
9040,4.0,0.0180167039147168,0,0.0
9041,2.0,0.0172155820095105,0,1.0
9042,1.0,0.0095551453633566,0,0.0
9043,0.0,0.0095655306031456,0,0.0
9044,7.0,0.011637643787579,0,0.0
9045,13.0,0.0120244795234983,0,0.0
9046,7.0,0.0164811403472505,0,0.0
9047,3.0,0.0163959021021983,0,0.0
9048,2.0,0.0165518112485751,0,0.0
9049,3.0,0.0153511883853258,0,0.0
9050,5.0,0.0150920711431945,0,0.0
9051,0.0,0.0137544854530815,0,0.0
9052,2.0,0.0152343402860796,0,0.0
9053,0.0,0.0167494648756409,0,0.0
9054,1.0,0.0187658034202614,0,0.0
9055,0.0,0.0196934294995385,0,0.0
9056,3.0,0.0209355007441582,0,0.0
9057,4.0,0.0200817451224343,0,0.0
9058,3.0,0.019373899517306,0,0.0
9059,3.0,0.0175270921701276,0,0.0
9060,0.0,0.0181436176976016,0,1.0
9061,3.0,0.0155816160608707,0,0.0
9062,11.0,0.0158865891509263,0,0.0
9063,13.0,0.0171540793811083,0,0.0
9064,13.0,0.0208956837130797,0,0.0
9065,9.0,0.0252077812877658,0,0.0
9066,0.0,0.0263112347969266,0,0.0
9067,4.0,0.026728951822925,0,0.0
9068,6.0,0.0256972502338743,0,0.0
9069,2.0,0.023132930204675,0,0.0
9070,7.0,0.0224057648929885,0,0.0
9071,14.0,0.0209521713893164,0,0.0
9072,10.0,0.026031883625565,0,0.0
9073,4.0,0.0279481242020499,0,0.0
9074,9.0,0.0270239512263511,0,0.0
9075,10.0,0.0274137211339919,0,0.0
9076,6.0,0.0271410865135171,0,0.0
9077,2.0,0.026414783622133,0,0.0
9078,1.0,0.0249939024920432,0,1.0
9079,15.000000000000002,0.0221905456002711,0,1.0
9080,5.0,0.0254235440817669,0,0.0
9081,13.0,0.0238272183796761,0,0.0
9082,7.0,0.0254538336342106,0,0.0
9083,4.0,0.0257193964643967,0,0.0
9084,11.0,0.0252546702232673,0,0.0
9085,10.0,0.0274615137527426,0,0.0
9086,6.0,0.0283368488936158,0,1.0
9087,8.0,0.0233617240812698,0,0.0
9088,5.0,0.0223016138720531,0,0.0
9089,5.0,0.0219813613695594,0,0.0
9090,5.0,0.0212455696520181,0,0.0
9091,5.0,0.0194434817692266,0,0.0
9092,9.0,0.0192581379853281,0,0.0
9093,5.0,0.0193530864689511,0,0.0
9094,4.0,0.0175831582719402,0,1.0
9095,8.0,0.0107300904023446,0,0.0
9096,12.0,0.0109450644970701,0,1.0
9097,8.0,0.0103876539449393,0,0.0
9098,13.0,0.0107201185023675,0,0.0
9099,7.0,0.0133402180095503,0,0.0
9100,7.0,0.0117838103287094,0,0.0
9101,8.0,0.0110343991575055,0,0.0
9102,3.0,0.0118502273940728,0,0.0
9103,1.0,0.0117448544085894,0,0.0
9104,10.0,0.0132950828345965,0,0.0
9105,6.0,0.0149086848449009,0,0.0
9106,4.0,0.0161850835327618,0,0.0
9107,5.0,0.0146309960284274,0,0.0
9108,1.0,0.0140100487448224,0,0.0
9109,2.0,0.0158431813685218,0,0.0
9110,6.0,0.0162188360332802,0,0.0
9111,0.0,0.0155724993477836,0,1.0
9112,10.0,0.0146194685560365,0,0.0
9113,5.0,0.0156148701106119,0,1.0
9114,5.0,0.0113102704693921,0,0.0
9115,9.0,0.0109635144953959,0,0.0
9116,0.0,0.0117538789207433,0,0.0
9117,7.0,0.013946028524987,0,0.0
9118,6.0,0.0138957920306243,0,0.0
9119,11.0,0.0119356218677783,0,0.0
9120,12.0,0.0130533015486602,0,0.0
9121,3.0,0.0160715765391038,0,0.0
9122,0.0,0.0164353929671755,0,0.0
9123,0.0,0.0188488517585793,0,0.0
9124,1.0,0.0196065217090797,0,0.0
9125,5.0,0.0204242955371058,0,0.0
9126,3.0,0.0201602459336086,0,0.0
9127,4.0,0.0182835719899033,0,0.0
9128,14.0,0.0173450400330604,0,0.0
9129,8.0,0.0227986437478424,0,0.0
9130,18.0,0.022732527388163,0,0.0
9131,3.0,0.0341119145082069,0,0.0
9132,6.0,0.032035629229511,0,0.0
9133,6.0,0.0325249824914176,0,0.0
9134,5.0,0.0323901744346918,0,0.0
9135,1.0,0.0300270574533875,0,1.0
9136,1.0,0.0281861436993796,0,0.0
9137,11.0,0.0301073159322097,0,0.0
9138,4.0,0.0300215662807893,0,0.0
9139,3.0,0.0276216801439739,0,0.0
9140,1.0,0.0260945771666343,0,0.0
9141,8.0,0.027320147125986,0,0.0
9142,7.0,0.0283358693821173,0,0.0
9143,4.0,0.0276908619594073,0,1.0
9144,3.0,0.021926343273471,0,0.0
9145,11.0,0.0216291095655195,0,1.0
9146,3.0,0.0123106031284768,0,0.0
9147,10.0,0.012316458942053,0,0.0
9148,10.0,0.0135547941989321,0,0.0
9149,10.0,0.0151164852689687,0,0.0
9150,4.0,0.0170822864257207,0,0.0
9151,7.0,0.0155119806085234,0,0.0
9152,2.0,0.0144016641807121,0,0.0
9153,0.0,0.0126398599226739,0,0.0
9154,3.0,0.0150929838023755,0,0.0
9155,5.0,0.015405979122352,0,0.0
9156,3.0,0.0134187671203413,0,0.0
9157,2.0,0.013477589110739,0,0.0
9158,3.0,0.0140096935840368,0,0.0
9159,7.0,0.0144493716817925,0,0.0
9160,3.0,0.014088996967853,0,0.0
9161,3.0,0.0120592439481592,0,0.0
9162,11.0,0.0115147842257866,0,0.0
9163,7.0,0.0129275889157974,0,0.0
9164,13.0,0.0115064760182738,0,0.0
9165,0.0,0.0143882621314931,0,0.0
9166,1.0,0.0160063265255331,0,0.0
9167,4.0,0.0184163834803588,0,0.0
9168,0.0,0.0174938097598624,0,0.0
9169,8.0,0.0172013169044314,0,0.0
9170,0.0,0.0172875027951781,0,0.0
9171,3.0,0.0192425915969393,0,0.0
9172,0.0,0.0198299268193289,0,0.0
9173,8.0,0.020901197613169,0,0.0
9174,1.0,0.0210102929506587,0,0.0
9175,2.0,0.0221151627243991,0,0.0
9176,5.0,0.022898276683809,0,0.0
9177,3.0,0.0225437519920787,0,0.0
9178,5.0,0.0201871830546433,0,0.0
9179,6.0,0.0202633236004323,0,1.0
9180,1.0,0.0153448464669057,0,0.0
9181,3.0,0.0147268311973376,0,0.0
9182,7.0,0.0136270939490461,0,0.0
9183,3.0,0.0142962167076624,0,0.0
9184,6.0,0.0115486073032696,0,0.0
9185,4.0,0.0114620569561051,0,0.0
9186,14.0,0.0091705266024238,0,0.0
9187,7.0,0.014592176563133,0,0.0
9188,13.0,0.0121592187918098,0,0.0
9189,8.0,0.0164192598625285,0,0.0
9190,8.0,0.0152476759357891,0,0.0
9191,7.0,0.0149542275508884,0,0.0
9192,6.0,0.0149022273334463,0,0.0
9193,1.0,0.0145120775865418,0,0.0
9194,2.0,0.016324107279632,0,0.0
9195,11.0,0.0172370629131711,0,0.0
9196,9.0,0.0182927767351648,0,0.0
9197,7.0,0.0186607427042697,0,0.0
9198,16.0,0.0183140836475075,0,0.0
9199,9.0,0.0271423630071864,0,0.0
9200,1.0,0.0278830843898152,0,0.0
9201,0.0,0.0295298249113468,0,1.0
9202,8.0,0.0251588023941461,0,0.0
9203,5.0,0.0261975430472311,0,1.0
9204,0.0,0.0217865367745155,0,0.0
9205,6.0,0.02359746011504,0,0.0
9206,11.0,0.0231168890282132,0,0.0
9207,3.0,0.0256980381830453,0,0.0
9208,7.0,0.026096360152356,0,0.0
9209,5.0,0.0237463920071006,0,0.0
9210,7.0,0.0229661572802424,0,0.0
9211,0.0,0.0213352377592705,0,0.0
9212,8.0,0.0224613868250735,0,0.0
9213,6.0,0.0225816871510164,0,1.0
9214,4.0,0.0140425711735251,0,0.0
9215,1.0,0.0136189339696217,0,0.0
9216,1.0,0.0136513958792198,0,0.0
9217,3.0,0.0126126426306915,0,0.0
9218,8.0,0.012763372797556,0,0.0
9219,4.0,0.0129864847016436,0,0.0
9220,0.0,0.0108350241132818,0,0.0
9221,2.0,0.0128783589061618,0,0.0
9222,5.0,0.0119139610283342,0,0.0
9223,3.0,0.0112812149385324,0,0.0
9224,5.0,0.011648823548968,0,0.0
9225,2.0,0.0111983359522208,0,0.0
9226,5.0,0.0120016102421835,0,0.0
9227,9.0,0.0099291620861887,0,0.0
9228,2.0,0.010145924455172,0,0.0
9229,8.0,0.0107647594117857,0,0.0
9230,3.0,0.011715541069418,0,0.0
9231,2.0,0.011045060982379,0,0.0
9232,3.0,0.0104000549480115,0,0.0
9233,3.0,0.0097768173336987,0,0.0
9234,6.0,0.0096545226194823,0,0.0
9235,13.0,0.0095710091025413,0,0.0
9236,2.0,0.0119512670275629,0,0.0
9237,9.0,0.0117193772729516,0,0.0
9238,9.0,0.0129306688827674,0,0.0
9239,7.0,0.0130665882888711,0,0.0
9240,7.0,0.0133591790807568,0,0.0
9241,6.0,0.0124399179061942,0,0.0
9242,18.0,0.0125291359578508,0,0.0
9243,5.0,0.0247345014006762,0,0.0
9244,7.0,0.0229926979803881,0,0.0
9245,5.0,0.0232508056026787,0,0.0
9246,10.0,0.0226148785819824,0,0.0
9247,12.0,0.0234386699238013,0,0.0
9248,11.0,0.0264202945032483,0,0.0
9249,13.0,0.0295435691620899,0,0.0
9250,0.0,0.0314211117701638,0,1.0
9251,11.0,0.0296916939726414,0,0.0
9252,10.0,0.0320084978269283,0,0.0
9253,15.000000000000002,0.0328186652774445,0,0.0
9254,8.0,0.0387147907645604,1,0.0
9255,3.0,0.0381054376963944,1,0.0
9256,13.0,0.0383988930210282,1,0.0
9257,3.0,0.043929383979213,1,1.0
9258,0.0,0.0314810184723697,0,0.0
9259,6.0,0.0337306944890979,0,0.0
9260,5.0,0.0338375280972462,0,0.0
9261,13.0,0.0344209257419744,0,0.0
9262,2.0,0.0372015673480084,0,1.0
9263,7.0,0.0343319616427786,0,0.0
9264,4.0,0.0328499009744099,0,1.0
9265,2.0,0.0279633255934225,0,0.0
9266,17.0,0.0265661166089422,0,0.0
9267,5.0,0.0344165464440786,0,0.0
9268,4.0,0.0325563894713654,0,1.0
9269,4.0,0.0259396300753626,0,1.0
9270,4.0,0.0255392091799477,0,1.0
9271,6.0,0.0255636682138214,0,1.0
9272,2.0,0.0206490213945803,0,1.0
9273,4.0,0.0209179343612169,0,0.0
9274,2.0,0.0190498511999842,0,0.0
9275,4.0,0.0200613107777504,0,0.0
9276,0.0,0.0205330131845913,0,1.0
9277,6.0,0.0178203627336631,0,0.0
9278,2.0,0.0168055460364825,0,0.0
9279,11.0,0.0182178766634138,0,0.0
9280,1.0,0.0203325329157036,0,0.0
9281,0.0,0.0204243631238149,0,1.0
9282,7.0,0.0129553600144739,0,0.0
9283,7.0,0.0128202640532209,0,0.0
9284,5.0,0.012937140762625,0,0.0
9285,0.0,0.0121985554222211,0,0.0
9286,8.0,0.0150051633962716,0,0.0
9287,0.0,0.0154289245373183,0,0.0
9288,10.0,0.0165910107626054,0,0.0
9289,2.0,0.0182175094052209,0,0.0
9290,2.0,0.0171160992552418,0,0.0
9291,0.0,0.0188530418264451,0,0.0
9292,5.0,0.018574893970309,0,0.0
9293,6.0,0.01841921176023,0,0.0
9294,3.0,0.0175138224559119,0,0.0
9295,3.0,0.0158419730087288,0,0.0
9296,3.0,0.0151429884756233,0,0.0
9297,9.0,0.0130350449593837,0,0.0
9298,7.0,0.0141599504027741,0,0.0
9299,11.0,0.0134320726021508,0,0.0
9300,15.000000000000002,0.0160005970182796,0,0.0
9301,5.0,0.0210034011496043,0,0.0
9302,15.000000000000002,0.0206821905341684,0,0.0
9303,7.0,0.0255944835149339,0,0.0
9304,9.0,0.0235143751082352,0,0.0
9305,2.0,0.0244352364517083,0,0.0
9306,1.0,0.0239707507739701,0,0.0
9307,7.0,0.0235394312653505,0,0.0
9308,12.0,0.0244910267034919,0,0.0
9309,2.0,0.0264868336146597,0,0.0
9310,1.0,0.0276228550304922,0,0.0
9311,0.0,0.0278571577076239,0,0.0
9312,4.0,0.0304402112602621,0,0.0
9313,7.0,0.0298694849842766,0,0.0
9314,9.0,0.0294639214716679,0,0.0
9315,1.0,0.028031910887426,0,1.0
9316,11.0,0.0224229431684082,0,0.0
9317,5.0,0.024405317042288,0,1.0
9318,5.0,0.0176100393173771,0,0.0
9319,5.0,0.0170819402157596,0,0.0
9320,2.0,0.01655021246483,0,0.0
9321,8.0,0.0167537462689801,0,0.0
9322,4.0,0.0154599066880779,0,0.0
9323,3.0,0.0150987319922369,0,1.0
9324,9.0,0.0125309494224119,0,0.0
9325,5.0,0.0125965465225501,0,0.0
9326,5.0,0.0112254996949014,0,0.0
9327,5.0,0.008620914539086,0,0.0
9328,2.0,0.0082662925082489,0,0.0
9329,17.0,0.0093303139539444,0,0.0
9330,4.0,0.0188519660976896,0,0.0
9331,2.0,0.0171880735113769,0,0.0
9332,9.0,0.0157604464223668,0,0.0
9333,10.0,0.0168449486557248,0,0.0
9334,6.0,0.0186567161801876,0,0.0
9335,2.0,0.0187493311099277,0,0.0
9336,4.0,0.0183316736669577,0,0.0
9337,5.0,0.018259249100457,0,0.0
9338,19.0,0.018728543716838,0,0.0
9339,1.0,0.032167261094049,0,0.0
9340,7.0,0.032066593552959,0,0.0
9341,0.0,0.0324555521829023,0,0.0
9342,6.0,0.0352592751900625,0,0.0
9343,3.0,0.0352479050320753,0,0.0
9344,4.0,0.0346548687300704,0,1.0
9345,3.0,0.0241095355356417,0,0.0
9346,7.0,0.0248621403632025,0,0.0
9347,4.0,0.0244469172712185,0,0.0
9348,20.0,0.0232260632866533,0,0.0
9349,8.0,0.0376051626149791,1,0.0
9350,2.0,0.0379111075793057,1,0.0
9351,7.0,0.0382997838166125,1,0.0
9352,3.0,0.0386347653253646,1,0.0
9353,0.0,0.0387941097298401,1,1.0
9354,0.0,0.0271062809551108,0,0.0
9355,2.0,0.0276473343670549,0,0.0
9356,20.0,0.0290374699525185,0,0.0
9357,14.0,0.043121794806185,1,0.0
9358,19.0,0.0484246742655809,1,0.0
9359,4.0,0.0620727811224949,1,0.0
9360,2.0,0.0617799070992145,1,0.0
9361,7.0,0.0631632130750801,1,0.0
9362,4.0,0.0630419889421725,1,0.0
9363,16.0,0.0630353437456958,1,1.0
9364,9.0,0.0548129730691796,1,1.0
9365,16.0,0.0561041251776918,1,1.0
9366,0.0,0.0641475426361407,1,1.0
9367,6.0,0.066369667372189,1,1.0
9368,10.0,0.065553600689919,1,1.0
9369,8.0,0.0639048210944827,1,0.0
9370,0.0,0.0619541773235731,1,0.0
9371,5.0,0.0631850450485792,1,1.0
9372,8.0,0.0478574049981313,1,1.0
9373,13.0,0.0422971862805785,1,1.0
9374,8.0,0.0318128806124165,0,1.0
9375,2.0,0.0324274906239895,0,1.0
9376,5.0,0.0318496853183021,0,1.0
9377,3.0,0.0334881363952604,0,1.0
9378,1.0,0.0323948454592259,0,1.0
9379,10.0,0.0252677245275782,0,1.0
9380,4.0,0.025491338481991,0,1.0
9381,4.0,0.0175186782296163,0,1.0
9382,21.0,0.0151428921123072,0,1.0
9383,8.0,0.0342698336082017,0,1.0
9384,6.0,0.0329224676526884,0,1.0
9385,2.0,0.0325138295701378,0,1.0
9386,2.0,0.0307245231290693,0,1.0
9387,7.0,0.0326416237832972,0,1.0
9388,6.0,0.0319325237473614,0,1.0
9389,6.0,0.0274463814400395,0,0.0
9390,6.0,0.0270480478854802,0,0.0
9391,8.0,0.0257748779969687,0,0.0
9392,7.0,0.0264905548653167,0,0.0
9393,10.0,0.0257525135332167,0,0.0
9394,6.0,0.025693891141677,0,0.0
9395,12.0,0.0243440845293096,0,0.0
9396,10.0,0.0289569499187363,0,0.0
9397,18.0,0.0290146509438781,0,1.0
9398,6.0,0.022618387703538,0,0.0
9399,5.0,0.0218873368752115,0,0.0
9400,12.0,0.0221175775992057,0,0.0
9401,1.0,0.0242525134093305,0,0.0
9402,2.0,0.0252672656395242,0,0.0
9403,3.0,0.0263166741016786,0,0.0
9404,2.0,0.0262257163050471,0,0.0
9405,0.0,0.0280857384627241,0,0.0
9406,10.0,0.0298572351741288,0,0.0
9407,4.0,0.0310391366821033,0,0.0
9408,1.0,0.0304979844181525,0,0.0
9409,3.0,0.030860692977821,0,0.0
9410,4.0,0.0311244873804173,0,1.0
9411,14.0,0.0277722260285362,0,0.0
9412,1.0,0.0319457147321131,0,1.0
9413,10.0,0.0206145265001567,0,0.0
9414,6.0,0.0226314380345892,0,0.0
9415,5.0,0.0225461977891525,0,1.0
9416,4.0,0.0195966590680938,0,0.0
9417,2.0,0.0176823954748273,0,0.0
9418,8.0,0.0178267072245464,0,0.0
9419,4.0,0.0183874713825908,0,0.0
9420,10.0,0.0175861104359182,0,0.0
9421,8.0,0.0166416929239412,0,0.0
9422,2.0,0.0152086429369059,0,0.0
9423,5.0,0.0161798143097864,0,0.0
9424,3.0,0.0145202538840801,0,0.0
9425,7.0,0.0146566348794735,0,0.0
9426,1.0,0.0145850064950349,0,1.0
9427,6.0,0.0103340213834451,0,0.0
9428,0.0,0.0090605461687824,0,0.0
9429,12.0,0.0095668357641007,0,0.0
9430,8.0,0.0130786822140312,0,0.0
9431,8.0,0.0133759598174955,0,0.0
9432,4.0,0.0135515533401066,0,0.0
9433,4.0,0.0130122186729409,0,0.0
9434,5.0,0.0127310154929222,0,0.0
9435,3.0,0.0126751024916428,0,0.0
9436,5.0,0.0111001003188336,0,0.0
9437,3.0,0.0110387605235324,0,0.0
9438,4.0,0.0104654973326901,0,0.0
9439,4.0,0.0111314784005077,0,0.0
9440,5.0,0.0100774350134653,0,0.0
9441,2.0,0.0098211259953055,0,0.0
9442,6.0,0.0094615714795224,0,0.0
9443,5.0,0.0096931071069357,0,0.0
9444,7.0,0.0068344572021735,0,1.0
9445,10.0,0.0037419397414801,0,0.0
9446,5.0,0.004530259187785,0,0.0
9447,1.0,0.0042133312118012,0,0.0
9448,11.0,0.0060270682929863,0,0.0
9449,8.0,0.0084113041944498,0,0.0
9450,4.0,0.0089696177602926,0,0.0
9451,3.0,0.0082319635485843,0,0.0
9452,4.0,0.0089812668258381,0,0.0
9453,6.0,0.0088807045674467,0,0.0
9454,2.0,0.0086445631369246,0,0.0
9455,5.0,0.0091569889252475,0,0.0
9456,6.0,0.0091566923293949,0,0.0
9457,10.0,0.008337298806993,0,0.0
9458,9.0,0.010298806323423,0,0.0
9459,2.0,0.0107443576767618,0,0.0
9460,12.0,0.0110420780079967,0,0.0
9461,6.0,0.0134300360510993,0,0.0
9462,2.0,0.0133732450482487,0,0.0
9463,7.0,0.0124748427170634,0,0.0
9464,10.0,0.0101899091722942,0,0.0
9465,4.0,0.0118542190894779,0,0.0
9466,2.0,0.0120174552368219,0,0.0
9467,7.0,0.0121767912656958,0,0.0
9468,4.0,0.0120259317454367,0,0.0
9469,4.0,0.0124186567328593,0,0.0
9470,7.0,0.0115277548649702,0,0.0
9471,4.0,0.0113620575436114,0,0.0
9472,9.0,0.011255860058081,0,0.0
9473,5.0,0.0112751188900441,0,0.0
9474,8.0,0.0101165407187838,0,0.0
9475,8.0,0.0095328318170879,0,1.0
9476,2.0,0.0066434849532006,0,0.0
9477,7.0,0.0079340861490844,0,0.0
9478,7.0,0.0069350156070364,0,0.0
9479,8.0,0.0069702818339546,0,0.0
9480,5.0,0.006022113742322,0,0.0
9481,7.0,0.0055721756524303,0,0.0
9482,3.0,0.0050775451944867,0,0.0
9483,0.0,0.0056833887834872,0,0.0
9484,3.0,0.0075673966778037,0,0.0
9485,0.0,0.0077722546675903,0,0.0
9486,7.0,0.0099601753703581,0,0.0
9487,3.0,0.0100887282507526,0,0.0
9488,12.0,0.0094642839729522,0,0.0
9489,4.0,0.0129427303160353,0,0.0
9490,1.0,0.0121673117253604,0,0.0
9491,1.0,0.0135635385232635,0,0.0
9492,12.0,0.014546100176334,0,0.0
9493,2.0,0.0173049838823563,0,0.0
9494,0.0,0.0178997299434309,0,0.0
9495,1.0,0.0198437502401204,0,0.0
9496,5.0,0.0217428139299643,0,0.0
9497,0.0,0.0210461135987495,0,0.0
9498,10.0,0.0235691771922608,0,0.0
9499,3.0,0.0221700170411826,0,0.0
9500,7.0,0.0226657514849926,0,0.0
9501,6.0,0.0205312337185697,0,0.0
9502,3.0,0.0203686846610878,0,0.0
9503,5.0,0.0198523758879908,0,1.0
9504,3.0,0.0170029656717011,0,0.0
9505,0.0,0.0174409113590932,0,0.0
9506,6.0,0.0179092811488081,0,0.0
9507,3.0,0.0157644172908836,0,1.0
9508,12.0,0.0137689050449088,0,0.0
9509,8.0,0.0157715544438088,0,0.0
9510,2.0,0.0140105676002903,0,0.0
9511,11.0,0.0133206027369994,0,0.0
9512,3.0,0.0158205038571319,0,0.0
9513,11.0,0.0136730423799969,0,0.0
9514,9.0,0.0147514571769323,0,0.0
9515,3.0,0.0149768403499363,0,0.0
9516,8.0,0.0156872772777679,0,0.0
9517,7.0,0.0159483215127876,0,0.0
9518,10.0,0.0157072462697988,0,0.0
9519,5.0,0.017569302730299,0,0.0
9520,2.0,0.0165982138196848,0,0.0
9521,7.0,0.0155339612432909,0,0.0
9522,2.0,0.0155866733056568,0,0.0
9523,4.0,0.0162246017960728,0,1.0
9524,6.0,0.0128551261587534,0,0.0
9525,6.0,0.0123432882881011,0,0.0
9526,12.0,0.0117425746579422,0,0.0
9527,7.0,0.0123331564546818,0,0.0
9528,2.0,0.0119313949456988,0,0.0
9529,5.0,0.0100781998451331,0,0.0
9530,0.0,0.009852570002478,0,0.0
9531,7.0,0.0117568705889301,0,0.0
9532,0.0,0.0114514935187974,0,0.0
9533,0.0,0.0136646132628965,0,0.0
9534,7.0,0.0145158685920911,0,0.0
9535,2.0,0.0146418479796028,0,0.0
9536,7.0,0.0147170171525067,0,0.0
9537,2.0,0.0140232922625002,0,0.0
9538,9.0,0.0139953370240775,0,0.0
9539,8.0,0.0153688436338293,0,0.0
9540,6.0,0.0153937393939114,0,0.0
9541,11.0,0.0153686761605424,0,1.0
9542,4.0,0.0146026383835808,0,0.0
9543,3.0,0.0145850845582201,0,0.0
9544,17.0,0.0139943518188302,0,0.0
9545,3.0,0.0249377414960031,0,0.0
9546,12.0,0.0230109721274215,0,0.0
9547,0.0,0.0259327641204036,0,0.0
9548,4.0,0.0260454519872348,0,0.0
9549,1.0,0.0240984863331459,0,0.0
9550,2.0,0.0252938037543252,0,0.0
9551,2.0,0.0255708676947325,0,0.0
9552,6.0,0.0260918914681153,0,0.0
9553,2.0,0.0249681494449788,0,0.0
9554,4.0,0.0253995859128249,0,0.0
9555,12.0,0.024454514495305,0,0.0
9556,4.0,0.0279219977465193,0,0.0
9557,7.0,0.0256986120764891,0,0.0
9558,7.0,0.0257053262693952,0,0.0
9559,3.0,0.0249959436743589,0,1.0
9560,4.0,0.0156818808324647,0,0.0
9561,7.0,0.0148981980015215,0,1.0
9562,9.0,0.0123648235298284,0,0.0
9563,10.0,0.0107585633981921,0,0.0
9564,8.0,0.011852554988931,0,0.0
9565,10.0,0.0109936732317168,0,0.0
9566,3.0,0.011520791397491,0,0.0
9567,3.0,0.0109418328268992,0,0.0
9568,7.0,0.0116605232463673,0,0.0
9569,7.0,0.0116894522419159,0,0.0
9570,3.0,0.0109827562555144,0,1.0
9571,2.0,0.0080742858006854,0,0.0
9572,15.000000000000002,0.0092529649176177,0,0.0
9573,5.0,0.0158484006965993,0,0.0
9574,6.0,0.0155383594497097,0,0.0
9575,11.0,0.0151280674379546,0,0.0
9576,8.0,0.0169095225817992,0,0.0
9577,8.0,0.0175663675005413,0,0.0
9578,2.0,0.0168957426040082,0,0.0
9579,1.0,0.0163991501918254,0,0.0
9580,0.0,0.0178567972620981,0,0.0
9581,10.0,0.0186558837062306,0,0.0
9582,7.0,0.0196816147280826,0,0.0
9583,1.0,0.019215153632715,0,0.0
9584,6.0,0.0204348638995356,0,0.0
9585,0.0,0.0206190132819048,0,0.0
9586,4.0,0.0224821556847065,0,0.0
9587,2.0,0.0211597747426256,0,1.0
9588,3.0,0.0149135771844605,0,0.0
9589,3.0,0.015603717007441,0,0.0
9590,1.0,0.0161139373853433,0,0.0
9591,5.0,0.0155692840038021,0,0.0
9592,7.0,0.0151595929016732,0,0.0
9593,2.0,0.0142045382752024,0,0.0
9594,7.0,0.014362217806141,0,0.0
9595,3.0,0.0139071428568065,0,0.0
9596,3.0,0.0109860296872192,0,0.0
9597,2.0,0.0105057615663531,0,0.0
9598,8.0,0.0111760997924222,0,0.0
9599,3.0,0.0093657276167542,0,0.0
9600,0.0,0.0111405585145854,0,0.0
9601,0.0,0.0104717622719093,0,0.0
9602,2.0,0.0122748048365127,0,0.0
9603,7.0,0.0130452408008836,0,0.0
9604,5.0,0.0124026798509056,0,0.0
9605,9.0,0.0115724550220931,0,0.0
9606,7.0,0.0109482724282788,0,0.0
9607,19.0,0.0110708640780204,0,0.0
9608,9.0,0.0258294515471668,0,0.0
9609,18.0,0.0250361027506592,0,0.0
9610,15.000000000000002,0.0374175557113672,0,0.0
9611,10.0,0.0441791688992634,1,0.0
9612,11.0,0.0460434043218448,1,0.0
9613,5.0,0.0478125097442882,1,0.0
9614,13.0,0.0471740832766167,1,0.0
9615,2.0,0.0515017307307358,1,0.0
9616,7.0,0.0500787175420838,1,0.0
9617,0.0,0.0482856258298255,1,0.0
9618,2.0,0.0493846780576913,1,0.0
9619,2.0,0.050145574375618,1,0.0
9620,5.0,0.0504421555354503,1,0.0
9621,6.0,0.0503895626790278,1,0.0
9622,1.0,0.0500959507078727,1,1.0
9623,9.0,0.0361880370587759,0,0.0
9624,6.0,0.0361407219217809,0,1.0
9625,3.0,0.0233266560225204,0,1.0
9626,6.0,0.0170222868920374,0,1.0
9627,3.0,0.0152264537306037,0,1.0
9628,5.0,0.0136109795611519,0,1.0
9629,7.0,0.0136258729930496,0,1.0
9630,8.0,0.0096356763364832,0,1.0
9631,9.0,0.0088777941714667,0,1.0
9632,9.0,0.0094044210704694,0,1.0
9633,9.0,0.0082208843501733,0,1.0
9634,0.0,0.0082064153630711,0,1.0
9635,2.0,0.0096069511553518,0,1.0
9636,4.0,0.0107172809584126,0,1.0
9637,4.0,0.0109503348548562,0,1.0
9638,14.0,0.0094878129200882,0,0.0
9639,4.0,0.0140247279257054,0,0.0
9640,3.0,0.0141627841030847,0,0.0
9641,4.0,0.0144579042214224,0,0.0
9642,5.0,0.0144575631623229,0,0.0
9643,9.0,0.0139184209674114,0,0.0
9644,4.0,0.0148133367903619,0,0.0
9645,8.0,0.0148464899032024,0,0.0
9646,4.0,0.0149170733465771,0,0.0
9647,11.0,0.0141590116439789,0,0.0
9648,0.0,0.0157819112333737,0,0.0
9649,3.0,0.0169547926049134,0,0.0
9650,5.0,0.0151791342490458,0,0.0
9651,8.0,0.0143703927631493,0,0.0
9652,5.0,0.0153401434263398,0,0.0
9653,10.0,0.0139532663702344,0,1.0
9654,15.000000000000002,0.009969603490522,0,0.0
9655,0.0,0.0173525112661176,0,0.0
9656,2.0,0.018736940467342,0,0.0
9657,0.0,0.0198311720804866,0,0.0
9658,12.0,0.0217883732523831,0,0.0
9659,6.0,0.0250052586267681,0,0.0
9660,9.0,0.0244549076832964,0,0.0
9661,4.0,0.0250104851030047,0,0.0
9662,5.0,0.0253264642222109,0,0.0
9663,2.0,0.022782119725854,0,0.0
9664,4.0,0.0211650318088204,0,0.0
9665,5.0,0.0207027071727901,0,0.0
9666,6.0,0.0208742189627119,0,0.0
9667,4.0,0.0204728989763064,0,0.0
9668,6.0,0.0207575580182686,0,0.0
9669,6.0,0.0184142352759638,0,1.0
9670,5.0,0.0117935773459665,0,0.0
9671,3.0,0.0093138054040781,0,0.0
9672,10.0,0.0088461461304278,0,0.0
9673,10.0,0.0077227653972467,0,1.0
9674,3.0,0.0062944151034455,0,0.0
9675,2.0,0.0067425561281645,0,0.0
9676,9.0,0.0065970348367369,0,0.0
9677,14.0,0.0075208133733287,0,0.0
9678,2.0,0.0134488494600336,0,0.0
9679,5.0,0.0131294822159736,0,0.0
9680,6.0,0.0132458691484776,0,0.0
9681,17.0,0.0134027506126304,0,0.0
9682,12.0,0.024145152679054,0,0.0
9683,1.0,0.0267894977420927,0,0.0
9684,4.0,0.0281430534999088,0,0.0
9685,7.0,0.028816878638623,0,0.0
9686,4.0,0.029411582141561,0,0.0
9687,5.0,0.0289537835803315,0,0.0
9688,11.0,0.0266383363717586,0,0.0
9689,4.0,0.027915209468226,0,0.0
9690,6.0,0.0277266712404562,0,0.0
9691,4.0,0.0266082037518623,0,0.0
9692,7.0,0.025354295901221,0,1.0
9693,4.0,0.0198987954983034,0,0.0
9694,6.0,0.0201052055493166,0,0.0
9695,2.0,0.0192910184262524,0,0.0
9696,2.0,0.0200485178071433,0,1.0
9697,8.0,0.0104295272911038,0,1.0
9698,1.0,0.0078338343464332,0,0.0
9699,0.0,0.0077045967567218,0,0.0
9700,2.0,0.0097413453270756,0,0.0
9701,10.0,0.0106334940608012,0,0.0
9702,13.0,0.0123786645839552,0,0.0
9703,0.0,0.0163925295765602,0,0.0
9704,9.0,0.0163853483846282,0,0.0
9705,4.0,0.0174654225446097,0,0.0
9706,6.0,0.0175856073532469,0,0.0
9707,5.0,0.0175405333151699,0,0.0
9708,6.0,0.0169824870480816,0,0.0
9709,8.0,0.0172105070822634,0,0.0
9710,9.0,0.0178639359409718,0,0.0
9711,3.0,0.0179043078976929,0,0.0
9712,16.0,0.0169885580610015,0,0.0
9713,19.0,0.0247268422615075,0,0.0
9714,11.0,0.0386042614500316,1,0.0
9715,4.0,0.0377787438228963,1,0.0
9716,8.0,0.0355690368163407,0,0.0
9717,13.0,0.0365515390968582,0,1.0
9718,1.0,0.0368630993712223,0,0.0
9719,0.0,0.0358332193503563,0,0.0
9720,1.0,0.0370908830481133,0,0.0
9721,1.0,0.0388967237448202,1,0.0
9722,7.0,0.0406137090471766,1,0.0
9723,13.0,0.0410753947212274,1,0.0
9724,12.0,0.0436554771913749,1,0.0
9725,5.0,0.046961805995639,1,0.0
9726,2.0,0.0461939388078376,1,0.0
9727,2.0,0.0475897952470082,1,1.0
9728,5.0,0.0390256269305432,1,1.0
9729,7.0,0.0246929322442113,0,1.0
9730,10.0,0.0227041180213303,0,1.0
9731,12.0,0.024122470419229,0,0.0
9732,12.0,0.0269183744727411,0,1.0
9733,4.0,0.0258402150952533,0,0.0
9734,11.0,0.0242906447557236,0,0.0
9735,10.0,0.0239512722015413,0,0.0
9736,0.0,0.0249728712868045,0,1.0
9737,0.0,0.0250228840638341,0,1.0
9738,1.0,0.0272982274497412,0,1.0
9739,4.0,0.0251132318042687,0,1.0
9740,7.0,0.0216174261207262,0,1.0
9741,1.0,0.0210530151016043,0,1.0
9742,1.0,0.0221471064575166,0,1.0
9743,3.0,0.0233347568330243,0,1.0
9744,1.0,0.0231512767793429,0,0.0
9745,7.0,0.0245995854294236,0,0.0
9746,0.0,0.022692123810111,0,1.0
9747,2.0,0.0217185638715411,0,1.0
9748,5.0,0.0196088824085828,0,0.0
9749,0.0,0.0198032660143316,0,0.0
9750,13.0,0.0196888718783487,0,0.0
9751,2.0,0.0222121319614321,0,0.0
9752,6.0,0.0211253793561804,0,0.0
9753,2.0,0.018929181580682,0,0.0
9754,0.0,0.0179626552926992,0,0.0
9755,3.0,0.0205759471742687,0,0.0
9756,5.0,0.02013587426662,0,0.0
9757,8.0,0.0194763642381952,0,0.0
9758,6.0,0.0177421013060877,0,0.0
9759,7.0,0.0173952813097998,0,0.0
9760,0.0,0.0159425963095785,0,0.0
9761,0.0,0.0178312383528809,0,0.0
9762,15.000000000000002,0.0179356110845399,0,0.0
9763,4.0,0.0240838166408114,0,0.0
9764,2.0,0.0241907696832862,0,0.0
9765,12.0,0.0231241146581678,0,1.0
9766,8.0,0.022078380144972,0,0.0
9767,1.0,0.0215737996825079,0,0.0
9768,4.0,0.0228700645123378,0,0.0
9769,5.0,0.0223744324808977,0,0.0
9770,2.0,0.0201259434815196,0,0.0
9771,17.0,0.0206900967502216,0,0.0
9772,5.0,0.0314651879705828,0,0.0
9773,6.0,0.030460601692262,0,0.0
9774,9.0,0.0303965165342374,0,0.0
9775,3.0,0.0318088318262526,0,0.0
9776,0.0,0.0293578082406936,0,0.0
9777,4.0,0.028983358033592,0,1.0
9778,1.0,0.0224795179968039,0,0.0
9779,12.0,0.0240677742017571,0,0.0
9780,3.0,0.0263833284280864,0,1.0
9781,3.0,0.0230725170715772,0,0.0
9782,1.0,0.0230137223264506,0,0.0
9783,4.0,0.0232712112173583,0,0.0
9784,13.0,0.023030475988512,0,0.0
9785,8.0,0.0276201142610743,0,0.0
9786,1.0,0.0264267980343424,0,1.0
9787,5.0,0.0183810449448225,0,0.0
9788,7.0,0.0183905442085029,0,0.0
9789,0.0,0.018666262983622,0,0.0
9790,9.0,0.0198939776743918,0,0.0
9791,10.0,0.0200264506699603,0,0.0
9792,0.0,0.0197469328877476,0,0.0
9793,6.0,0.0226691855022505,0,0.0
9794,5.0,0.020479786607152,0,1.0
9795,0.0,0.0170577473419398,0,0.0
9796,2.0,0.0184010708975368,0,0.0
9797,7.0,0.0191403352496957,0,0.0
9798,15.000000000000002,0.0181757054629969,0,0.0
9799,5.0,0.0247511971127176,0,1.0
9800,3.0,0.0203063792546667,0,0.0
9801,3.0,0.0203222828591229,0,0.0
9802,7.0,0.0192361176415626,0,0.0
9803,11.0,0.019512717812098,0,0.0
9804,4.0,0.0217601894152668,0,0.0
9805,8.0,0.0193695703207236,0,0.0
9806,2.0,0.0191318946616915,0,0.0
9807,0.0,0.0185815066424833,0,0.0
9808,7.0,0.0185693413365172,0,0.0
9809,4.0,0.0187951384990325,0,0.0
9810,2.0,0.0185197315011838,0,0.0
9811,4.0,0.017428340659206,0,0.0
9812,1.0,0.0168395532122067,0,0.0
9813,1.0,0.0178860426430779,0,1.0
9814,11.0,0.012205567402022,0,0.0
9815,6.0,0.014321238375563,0,0.0
9816,4.0,0.0139681577060588,0,0.0
9817,4.0,0.0136244570872346,0,0.0
9818,7.0,0.0136976070353619,0,0.0
9819,8.0,0.0116601006484778,0,0.0
9820,3.0,0.0117899789213471,0,0.0
9821,0.0,0.0116208561888558,0,0.0
9822,1.0,0.0133706787873984,0,0.0
9823,11.0,0.013195286824566,0,0.0
9824,6.0,0.0152275164568564,0,0.0
9825,7.0,0.0145580573563419,0,0.0
9826,4.0,0.0135945685351573,0,0.0
9827,1.0,0.0137492859278453,0,0.0
9828,5.0,0.0142266083337647,0,0.0
9829,9.0,0.0121457211654885,0,0.0
9830,8.0,0.0105680313529171,0,0.0
9831,5.0,0.0112294711665547,0,0.0
9832,3.0,0.0111077085922195,0,0.0
9833,0.0,0.0116384670388774,0,0.0
9834,2.0,0.0139054385113362,0,0.0
9835,20.0,0.0142551010372827,0,0.0
9836,5.0,0.0305684227144278,0,0.0
9837,20.0,0.0277842657860751,0,0.0
9838,11.0,0.0433043728929434,1,0.0
9839,12.0,0.043750163590027,1,0.0
9840,3.0,0.0467556610243604,1,0.0
9841,5.0,0.0462701362967232,1,0.0
9842,5.0,0.0467178293202092,1,0.0
9843,7.0,0.0463648816960792,1,0.0
9844,2.0,0.045367694607195,1,0.0
9845,10.0,0.0460769343846376,1,0.0
9846,1.0,0.0468128889877016,1,0.0
9847,0.0,0.0485628815527349,1,0.0
9848,6.0,0.0492684672701604,1,0.0
9849,4.0,0.0474533073784578,1,0.0
9850,5.0,0.0477421263455655,1,1.0
9851,4.0,0.0297635884104581,0,0.0
9852,2.0,0.0295734890633207,0,1.0
9853,4.0,0.0143433850204761,0,1.0
9854,2.0,0.0122236875713517,0,1.0
9855,4.0,0.0092334110366189,0,1.0
9856,10.0,0.0091870513859867,0,1.0
9857,3.0,0.0110927750247233,0,1.0
9858,1.0,0.0116068524532143,0,1.0
9859,3.0,0.0129383537473597,0,1.0
9860,8.0,0.0119686633381808,0,1.0
9861,4.0,0.0113174878076697,0,1.0
9862,7.0,0.0096063550360927,0,1.0
9863,4.0,0.0077153032965607,0,1.0
9864,7.0,0.0076904354665613,0,1.0
9865,9.0,0.0082464163372361,0,1.0
9866,4.0,0.0089162409469623,0,0.0
9867,15.000000000000002,0.0088752674391186,0,0.0
9868,9.0,0.0151445111840896,0,0.0
9869,8.0,0.0157253480637402,0,0.0
9870,8.0,0.0154204774611267,0,0.0
9871,11.0,0.0154882540279362,0,0.0
9872,12.0,0.0166644599693246,0,0.0
9873,14.0,0.0193362482274378,0,0.0
9874,8.0,0.023386116542081,0,0.0
9875,5.0,0.0234653330348234,0,0.0
9876,5.0,0.0237270339900879,0,0.0
9877,5.0,0.0233756360946998,0,0.0
9878,4.0,0.0242167254336176,0,0.0
9879,7.0,0.0232054165979533,0,0.0
9880,0.0,0.0236567733679795,0,0.0
9881,6.0,0.0244781453249116,0,0.0
9882,6.0,0.0240643956844839,0,1.0
9883,9.0,0.0176602623640927,0,0.0
9884,3.0,0.0172016661215933,0,0.0
9885,6.0,0.0163703003025898,0,0.0
9886,6.0,0.0162757170617536,0,0.0
9887,2.0,0.013422103698708,0,1.0
9888,5.0,0.0112763495315605,0,1.0
9889,0.0,0.0056888081941525,0,0.0
9890,0.0,0.007515781920614,0,0.0
9891,3.0,0.0107072320269938,0,0.0
9892,0.0,0.0107732351994649,0,0.0
9893,1.0,0.0129116159930289,0,0.0
9894,4.0,0.0139494541178096,0,0.0
9895,2.0,0.0145653526978728,0,0.0
9896,13.0,0.0125713871772741,0,0.0
9897,8.0,0.0170421306840264,0,0.0
9898,4.0,0.0173890407196649,0,0.0
9899,6.0,0.0167388916751565,0,0.0
9900,6.0,0.0166986535959684,0,0.0
9901,9.0,0.0164682631965507,0,0.0
9902,11.0,0.0171980266651899,0,0.0
9903,4.0,0.0191030172552472,0,0.0
9904,8.0,0.0195341382204644,0,0.0
9905,12.0,0.0173378650622594,0,0.0
9906,5.0,0.0187133354833696,0,0.0
9907,6.0,0.0176561169968947,0,0.0
9908,1.0,0.0153776136977827,0,0.0
9909,1.0,0.015458458412219,0,0.0
9910,2.0,0.0176358133101091,0,0.0
9911,4.0,0.016987381261691,0,1.0
9912,2.0,0.0127317035993058,0,0.0
9913,10.0,0.0129956818543032,0,0.0
9914,6.0,0.0145244716839919,0,0.0
9915,1.0,0.0145314481396425,0,0.0
9916,5.0,0.0156569466129998,0,0.0
9917,5.0,0.0148227292550409,0,0.0
9918,6.0,0.0125166548908524,0,0.0
9919,8.0,0.0123912634905853,0,0.0
9920,4.0,0.0123057219983527,0,1.0
9921,4.0,0.0094567381777976,0,0.0
9922,5.0,0.0091713802826457,0,0.0
9923,7.0,0.0094441032802251,0,0.0
9924,16.0,0.0079575338140515,0,0.0
9925,2.0,0.0149598501186082,0,0.0
9926,4.0,0.0151807674276387,0,0.0
9927,0.0,0.0152668877025776,0,0.0
9928,6.0,0.0166407004134978,0,0.0
9929,3.0,0.0152447563306067,0,0.0
9930,0.0,0.0156670467574476,0,0.0
9931,4.0,0.0163532656125401,0,0.0
9932,1.0,0.0167306419851398,0,0.0
9933,11.0,0.0179976830067193,0,0.0
9934,4.0,0.0206441277175671,0,0.0
9935,8.0,0.0196025154735868,0,0.0
9936,0.0,0.0203125567825112,0,0.0
9937,9.0,0.0224656442922386,0,0.0
9938,4.0,0.0236470625399961,0,0.0
9939,2.0,0.0233373582458327,0,1.0
9940,5.0,0.0161340150886557,0,0.0
9941,9.0,0.0147120233249569,0,0.0
9942,7.0,0.0160432909697982,0,0.0
9943,3.0,0.0135234168290737,0,0.0
9944,6.0,0.0142172205799704,0,0.0
9945,12.0,0.013660990378146,0,0.0
9946,0.0,0.014422598962384,0,0.0
9947,3.0,0.0167549015573726,0,0.0
9948,0.0,0.0151472476935914,0,0.0
9949,2.0,0.015590890927851,0,0.0
9950,12.0,0.0167209153386421,0,0.0
9951,1.0,0.0189692610526019,0,0.0
9952,7.0,0.0180710042158719,0,0.0
9953,8.0,0.0174548012813427,0,0.0
9954,9.0,0.0180380588187059,0,0.0
9955,4.0,0.0178563297613822,0,0.0
9956,7.0,0.0176438274598593,0,0.0
9957,5.0,0.0171664619444589,0,0.0
9958,0.0,0.017276292898444,0,0.0
9959,9.0,0.0191710298328371,0,0.0
9960,5.0,0.0198572280416291,0,1.0
9961,2.0,0.0168529970008257,0,0.0
9962,2.0,0.0150786121664705,0,0.0
9963,5.0,0.0157302529726429,0,0.0
9964,6.0,0.0135761132390861,0,0.0
9965,8.0,0.0124091894250852,0,1.0
9966,8.0,0.0096108327622152,0,0.0
9967,10.0,0.0083544873383084,0,0.0
9968,6.0,0.0092806594882783,0,0.0
9969,12.0,0.0092984964713692,0,0.0
9970,7.0,0.0113187590527926,0,0.0
9971,5.0,0.0117577053106955,0,0.0
9972,14.0,0.0115674362756788,0,0.0
9973,3.0,0.0171317491020042,0,0.0
9974,5.0,0.0154342261249818,0,0.0
9975,1.0,0.0148398682544668,0,0.0
9976,8.0,0.0160243665709878,0,0.0
9977,2.0,0.0160638310335385,0,0.0
9978,6.0,0.0157072265082919,0,0.0
9979,12.0,0.0158601001233381,0,0.0
