frame_idx,true_vehicle_count,vae_anomaly_score,is_anomaly
7987,7.0,0.012232310199302925,0
7988,6.0,0.012027913748837911,0
7989,2.0,0.011880572466299703,0
7990,4.0,0.00955214142310083,0
7991,6.0,0.006349496100122715,0
7992,8.0,0.005907848179506747,0
7993,6.0,0.0062294408447321524,0
7994,1.0,0.004824381245600874,0
7995,5.0,0.0057332211360441665,0
7996,11.0,0.0052539015810097595,0
7997,2.0,0.007350758836277903,0
7998,3.0,0.00799298833579427,0
7999,9.0,0.00870280533557751,0
8000,5.0,0.008863952254937718,0
8001,5.0,0.008666298693864705,0
8002,4.0,0.008234778265382669,0
8003,3.0,0.008094857372122219,0
8004,6.0,0.009121361500348833,0
8005,4.0,0.00796616188308396,0
8006,7.0,0.008023956962734217,0
8007,3.0,0.007809616833995832,0
8008,7.0,0.008007055763056166,0
8009,9.0,0.008194951557186716,0
8010,2.0,0.00747747212243012,0
8011,2.0,0.008258830514101078,0
8012,8.0,0.007171319830835476,0
8013,3.0,0.006716953262200402,0
8014,6.0,0.006679863863319795,0
8015,10.0,0.00558629587780068,0
8016,9.0,0.007247159494543883,0
8017,5.0,0.008262533749531642,0
8018,4.0,0.008041328723371138,0
8019,5.0,0.0075708057234946955,0
8020,1.0,0.007649308013159687,0
8021,6.0,0.009227494186385906,0
8022,21.0,0.00928915265681886,0
8023,3.0,0.027637468366961637,0
8024,9.0,0.02798428156087683,0
8025,3.0,0.02805504682674053,0
8026,4.0,0.027146575251003745,0
8027,5.0,0.026908989457342037,0
8028,2.0,0.025843026906286745,0
8029,6.0,0.026608084363233853,0
8030,0.0,0.02686171698210461,0
8031,10.0,0.027665101153944376,0
8032,11.0,0.028421936402322715,0
8033,5.0,0.03012290803674112,0
8034,6.0,0.030028750255060414,0
8035,6.0,0.030250869678326704,0
8036,5.0,0.028733468355337983,0
8037,3.0,0.028546805388002347,0
8038,6.0,0.010005133212725949,0
8039,2.0,0.009801167657090989,0
8040,1.0,0.009727164142652879,0
8041,1.0,0.011139013970568228,0
8042,4.0,0.011916989782392003,0
8043,13.0,0.012692452331015744,0
8044,4.0,0.015763595119861286,0
8045,4.0,0.015668134277298733,0
8046,8.0,0.013578754576874484,0
8047,12.0,0.012362793798042117,0
8048,2.0,0.013783219574565042,0
8049,17.0,0.014285108118791391,0
8050,3.0,0.024528531354337985,0
8051,2.0,0.025574785214610717,0
8052,9.0,0.026781475825306638,0
8053,5.0,0.02720302256516171,0
8054,1.0,0.027091302117064404,0
8055,3.0,0.02812022505751457,0
8056,9.0,0.026204513437704254,0
8057,12.0,0.025890771439982342,0
8058,2.0,0.029150396263778137,0
8059,5.0,0.025248247864139102,0
8060,4.0,0.025136099511123264,0
8061,4.0,0.02579126026053582,0
8062,2.0,0.025144750558801485,0
8063,7.0,0.02263326692516021,0
8064,8.0,0.02171387290634923,0
8065,9.0,0.012140794725800742,0
8066,4.0,0.012620630039258328,0
8067,2.0,0.011485891031093981,0
8068,1.0,0.011192637176129306,0
8069,5.0,0.013409560716820371,0
8070,0.0,0.011976039826921204,0
8071,9.0,0.013421616146312043,0
8072,1.0,0.013472451177820206,0
8073,13.0,0.011823807236097347,0
8074,7.0,0.015301775318260553,0
8075,2.0,0.014992978111666031,0
8076,7.0,0.015657710909007423,0
8077,6.0,0.016342191065854786,0
8078,2.0,0.015163816238616564,0
8079,5.0,0.01603818117165542,0
8080,13.0,0.015227467956554028,0
8081,10.0,0.01965720230571154,0
8082,4.0,0.020266041441424465,0
8083,7.0,0.01988620327537216,0
8084,14.0,0.018063835388892634,0
8085,2.0,0.024689372688939285,0
8086,0.0,0.022842357732527647,0
8087,0.0,0.02382925775127823,0
8088,3.0,0.02482997068535502,0
8089,2.0,0.02119688269491351,0
8090,6.0,0.02197635250142516,0
8091,5.0,0.020774064310119647,0
8092,0.0,0.020301661199310816,0
8093,12.0,0.023128407385946254,0
8094,1.0,0.02498391745338246,0
8095,0.0,0.026159390539793985,0
8096,11.0,0.02429719349332277,0
8097,1.0,0.025527201626113445,0
8098,10.0,0.02683922549486263,0
8099,8.0,0.028853051610649178,0
8100,7.0,0.022942473651215354,0
8101,2.0,0.02253008013970812,0
8102,4.0,0.02069545960932496,0
8103,8.0,0.018707739551728903,0
8104,17.0,0.018674189790141318,0
8105,2.0,0.028447929337165164,0
8106,5.0,0.029123501198599782,0
8107,6.0,0.029366445453158106,0
8108,2.0,0.027116446340660287,0
8109,5.0,0.024570021796534367,0
8110,3.0,0.02287713206216868,0
8111,0.0,0.021103797766909616,0
8112,9.0,0.021515586714671252,0
8113,15.000000000000002,0.020478045564473017,0
8114,8.0,0.026181327848069917,0
8115,3.0,0.025256912779699995,0
8116,13.0,0.02639759434722605,0
8117,4.0,0.029877001183435243,0
8118,5.0,0.03032873561902046,0
8119,4.0,0.028803691050704718,0
8120,14.0,0.018710370894917193,0
8121,8.0,0.02390307186159451,0
8122,14.0,0.023939635629833016,0
8123,5.0,0.029681493028477883,0
8124,18.0,0.028308649494352037,0
8125,0.0,0.041186800784130326,1
8126,0.0,0.043844486902443816,1
8127,3.0,0.04278016847798704,1
8128,7.0,0.042515074416670476,1
8129,14.0,0.03630137293207632,0
8130,9.0,0.04194027760996595,1
8131,9.0,0.04090364569050946,1
8132,5.0,0.03905698157144401,1
8133,10.0,0.037668031492251425,1
8134,11.0,0.039617369525458884,1
8135,0.0,0.04074152034625819,1
8136,1.0,0.037501546422378323,1
8137,9.0,0.03923609191050749,1
8138,17.0,0.0349274862520813,0
8139,11.0,0.04553503475759275,1
8140,4.0,0.034924532282244215,0
8141,4.0,0.03311789536049289,0
8142,5.0,0.031075479461683122,0
8143,8.0,0.030761366140178183,0
8144,1.0,0.030819535565524036,0
8145,6.0,0.025921333514176106,0
8146,8.0,0.02572471485945121,0
8147,4.0,0.0253891367649587,0
8148,9.0,0.02579444411390269,0
8149,3.0,0.024299037835496157,0
8150,3.0,0.02229872543521371,0
8151,5.0,0.020401293490326083,0
8152,8.0,0.01942162350188855,0
8153,6.0,0.01869081225322281,0
8154,14.0,0.007855715222496765,0
8155,7.0,0.011447681288683077,0
8156,3.0,0.01158715125115977,0
8157,2.0,0.011729244549682324,0
8158,6.0,0.012541870180465656,0
8159,8.0,0.012369136220478699,0
8160,1.0,0.01104706719030859,0
8161,2.0,0.012667530002331213,0
8162,7.0,0.013441089298374644,0
8163,7.0,0.013290087784483607,0
8164,12.0,0.012594495754939311,0
8165,14.0,0.015167181290726752,0
8166,7.0,0.020192347109720697,0
8167,5.0,0.021025225161635366,0
8168,18.0,0.02062083587463307,0
8169,4.0,0.033127574245400276,0
8170,8.0,0.0270515003444757,0
8171,8.0,0.027404598388358997,0
8172,9.0,0.027215709928576578,0
8173,3.0,0.028138993179635908,0
8174,5.0,0.027227055699022264,0
8175,2.0,0.02777390488693704,0
8176,2.0,0.02688212665512698,0
8177,5.0,0.026607040833899753,0
8178,7.0,0.02732773084337684,0
8179,6.0,0.026985926005706148,0
8180,10.0,0.022555649460122482,0
8181,4.0,0.019150226374660462,0
8182,7.0,0.019560879989168008,0
8183,14.0,0.01862875588667984,0
8184,12.0,0.012353961305621858,0
8185,0.0,0.015423656664544871,0
8186,4.0,0.017064310850074153,0
8187,1.0,0.0175041111763002,0
8188,13.0,0.018797504077198064,0
8189,7.0,0.022340124760658574,0
8190,1.0,0.022076399521766935,0
8191,2.0,0.022773503447960176,0
8192,9.0,0.0234397281281881,0
8193,8.0,0.024182419271690642,0
8194,2.0,0.02365122198011069,0
8195,5.0,0.02424032155102344,0
8196,5.0,0.02350743160532823,0
8197,9.0,0.023404553494195773,0
8198,3.0,0.0241972146520958,0
8199,6.0,0.01832791702878363,0
8200,4.0,0.015385724411795256,0
8201,5.0,0.01316321934867062,0
8202,7.0,0.01342509312127396,0
8203,13.0,0.011448299301683644,0
8204,2.0,0.011519933538491007,0
8205,6.0,0.01239346695940352,0
8206,8.0,0.010942976862462024,0
8207,7.0,0.010424480681055469,0
8208,4.0,0.009519690417002137,0
8209,14.0,0.009196381798345499,0
8210,12.0,0.014037168909895389,0
8211,0.0,0.017615479204623325,0
8212,4.0,0.01978208987322894,0
8213,3.0,0.018757687207751745,0
8214,6.0,0.01916449854052967,0
8215,4.0,0.0193080768822146,0
8216,1.0,0.018684190511141945,0
8217,6.0,0.02086130959275719,0
8218,0.0,0.02104745587491231,0
8219,7.0,0.018353477804333874,0
8220,6.0,0.017493651590782207,0
8221,3.0,0.01704066127830494,0
8222,0.0,0.017432880059717163,0
8223,8.0,0.019620264456748058,0
8224,5.0,0.020038624937546812,0
8225,1.0,0.013548918546631233,0
8226,3.0,0.011759851098481523,0
8227,5.0,0.01014854876117786,0
8228,16.0,0.009942913373637282,0
8229,3.0,0.01889957954686557,0
8230,2.0,0.019007621523952245,0
8231,2.0,0.01992128162240791,0
8232,10.0,0.019272821952004252,0
8233,1.0,0.021482933643376452,0
8234,6.0,0.019944098800062145,0
8235,1.0,0.019625113446534337,0
8236,0.0,0.021811784084177947,0
8237,1.0,0.023806836201762938,0
8238,0.0,0.022792139875924034,0
8239,1.0,0.024293503746118793,0
8240,1.0,0.025681901216688542,0
8241,5.0,0.02614268986496323,0
8242,2.0,0.02613456360707132,0
8243,0.0,0.025493964320653244,0
8244,1.0,0.019524362461563208,0
8245,8.0,0.020701061429287692,0
8246,1.0,0.02064265908183232,0
8247,8.0,0.020953029642548502,0
8248,3.0,0.021203816186328307,0
8249,11.0,0.018586810298292587,0
8250,10.0,0.022283441680789978,0
8251,6.0,0.021296978040075725,0
8252,8.0,0.018986581675194413,0
8253,14.0,0.01776749379185057,0
8254,3.0,0.02152880393139047,0
8255,6.0,0.02068566983705342,0
8256,5.0,0.018723983330700394,0
8257,0.0,0.01908157657262641,0
8258,11.0,0.020838189570248526,0
8259,6.0,0.021158665437855516,0
8260,5.0,0.018988338990606028,0
8261,10.0,0.01819064530700513,0
8262,8.0,0.017918166664039455,0
8263,12.0,0.019156345209181306,0
8264,10.0,0.020664825866871645,0
8265,7.0,0.020267548998851952,0
8266,9.0,0.019224851642393518,0
8267,4.0,0.020256159038490904,0
8268,3.0,0.01987054724685287,0
8269,3.0,0.014335089491731266,0
8270,0.0,0.014844655608828234,0
8271,4.0,0.01696642302981916,0
8272,2.0,0.017322617107287688,0
8273,1.0,0.015386091201537062,0
8274,3.0,0.01460880516476846,0
8275,2.0,0.014984985268890435,0
8276,3.0,0.015983207341944434,0
8277,3.0,0.014529613170935774,0
8278,16.0,0.014648243354511752,0
8279,3.0,0.019800431514447835,0
8280,1.0,0.018776103743787735,0
8281,2.0,0.020017550484904112,0
8282,5.0,0.020166929229581954,0
8283,10.0,0.020241329932390435,0
8284,9.0,0.0211140797623312,0
8285,1.0,0.022274236576644037,0
8286,2.0,0.020804697461263018,0
8287,7.0,0.02182594724194705,0
8288,2.0,0.021478016354277756,0
8289,7.0,0.02006801733980625,0
8290,5.0,0.01995175589197416,0
8291,6.0,0.019340591991232645,0
8292,3.0,0.01920369853093216,0
8293,6.0,0.018762538530274146,0
8294,6.0,0.010121604811319984,0
8295,2.0,0.009470329536659834,0
8296,5.0,0.009104850868673558,0
8297,6.0,0.008385532736183235,0
8298,10.0,0.008010613543688403,0
8299,6.0,0.008128028586230452,0
8300,6.0,0.006779739368663862,0
8301,3.0,0.005680829178431439,0
8302,3.0,0.004927246682445773,0
8303,4.0,0.005554331162317869,0
8304,2.0,0.004507392266289673,0
8305,3.0,0.005237935639426304,0
8306,2.0,0.0062015302669810495,0
8307,9.0,0.007737923877318159,0
8308,2.0,0.007368845853816942,0
8309,7.0,0.0077913482060179345,0
8310,1.0,0.008225899662939492,0
8311,18.0,0.008868403481870846,0
8312,2.0,0.020767887983151375,0
8313,0.0,0.021969054649141898,0
8314,5.0,0.022757150814376556,0
8315,0.0,0.02303574870050336,0
8316,6.0,0.026033304249843226,0
8317,11.0,0.025251840990385233,0
8318,3.0,0.026266677946817456,0
8319,7.0,0.02732042518312971,0
8320,13.0,0.026320197964065446,0
8321,9.0,0.030413744145778694,0
8322,4.0,0.02983444436860447,0
8323,2.0,0.029499635294227312,0
8324,0.0,0.02980269224366774,0
8325,5.0,0.03198668802418224,0
8326,6.0,0.030605289343057968,0
8327,8.0,0.01807511527193323,0
8328,7.0,0.01761142969202621,0
8329,5.0,0.015419475278721078,0
8330,5.0,0.015318516281249871,0
8331,7.0,0.012670804224342833,0
8332,5.0,0.012807324916211081,0
8333,7.0,0.01050107860909491,0
8334,7.0,0.010351717921190755,0
8335,10.0,0.01033169605318917,0
8336,8.0,0.007521934390700133,0
8337,7.0,0.0069883828640333835,0
8338,15.000000000000002,0.006999751471896714,0
8339,1.0,0.013593016005776885,0
8340,1.0,0.012517340901070735,0
8341,3.0,0.014294770466813293,0
8342,0.0,0.014743826100305524,0
8343,1.0,0.017052159319471818,0
8344,0.0,0.01824450699791664,0
8345,1.0,0.020651193651811943,0
8346,10.0,0.021873045663028397,0
8347,4.0,0.023119191103363315,0
8348,10.0,0.023133952773802535,0
8349,9.0,0.02424772573820287,0
8350,5.0,0.025249763958436245,0
8351,8.0,0.02379549794151437,0
8352,6.0,0.023526791589647163,0
8353,7.0,0.02375399117034415,0
8354,0.0,0.01659012606867182,0
8355,3.0,0.018000231366532903,0
8356,5.0,0.01655506539153154,0
8357,3.0,0.01632520684730666,0
8358,3.0,0.014117749605347066,0
8359,6.0,0.013037837447856854,0
8360,10.0,0.010890626100951158,0
8361,10.0,0.010682459625797228,0
8362,6.0,0.010471776119304216,0
8363,1.0,0.010188562076022645,0
8364,7.0,0.010068976721621171,0
8365,9.0,0.009941077879106112,0
8366,0.0,0.010724147533938334,0
8367,1.0,0.01247846589729984,0
8368,5.0,0.014107282695350528,0
8369,4.0,0.014242497761573441,0
8370,1.0,0.012206945590618424,0
8371,3.0,0.012437692665250239,0
8372,9.0,0.013154593197291913,0
8373,5.0,0.013774890645439904,0
8374,5.0,0.01340060361605652,0
8375,5.0,0.01307624925977161,0
8376,8.0,0.011468426163679045,0
8377,3.0,0.010330677985388174,0
8378,6.0,0.011590087933173435,0
8379,5.0,0.009745978303939657,0
8380,8.0,0.009048453253778286,0
8381,8.0,0.008843347117873799,0
8382,16.0,0.007062851001364201,0
8383,8.0,0.014058227650909376,0
8384,4.0,0.01456721566097278,0
8385,1.0,0.01452151014213543,0
8386,3.0,0.01491971137155581,0
8387,8.0,0.014889415772087815,0
8388,9.0,0.014492238515731741,0
8389,6.0,0.01534805685108515,0
8390,3.0,0.01527119902365939,0
8391,5.0,0.015437130581957103,0
8392,3.0,0.015420265004028412,0
8393,9.0,0.014655860686042138,0
8394,6.0,0.015811914348218572,0
8395,7.0,0.015978013559061442,0
8396,6.0,0.016174330582386338,0
8397,2.0,0.015607257387136527,0
8398,2.0,0.007562108880520802,0
8399,4.0,0.007824826505972703,0
8400,3.0,0.0077385506031351255,0
8401,0.0,0.006813904059957834,0
8402,0.0,0.008571808877388202,0
8403,0.0,0.010375552493241819,0
8404,0.0,0.011890149074467393,0
8405,2.0,0.014503208107945904,0
8406,2.0,0.01446129792598871,0
8407,6.0,0.015526205585286581,0
8408,11.0,0.015210059975980093,0
8409,14.0,0.0164245365401823,0
8410,7.0,0.021262115713884824,0
8411,4.0,0.022320736987127186,0
8412,11.0,0.02146670196000492,0
8413,6.0,0.02415056681751177,0
8414,4.0,0.022658164161413242,0
8415,12.0,0.023292176489327923,0
8416,0.0,0.026018664295375134,0
8417,6.0,0.026082667955285865,0
8418,8.0,0.024014736736086707,0
8419,4.0,0.022093828745403936,0
8420,1.0,0.019456208156258068,0
8421,8.0,0.02022291948038547,0
8422,6.0,0.019864112579090244,0
8423,16.0,0.019477686747710825,0
8424,7.0,0.026528187067321258,0
8425,5.0,0.020426046835749577,0
8426,5.0,0.020115090053187748,0
8427,8.0,0.020656677581267057,0
8428,20.0,0.018366877099808058,0
8429,2.0,0.03507156640256494,0
8430,16.0,0.0356021059879511,0
8431,1.0,0.042046823564118735,1
8432,0.0,0.03996601077691987,1
8433,1.0,0.043092178957458045,1
8434,0.0,0.0440072286201116,1
8435,2.0,0.0463080756123262,1
8436,6.0,0.0458834483544128,1
8437,15.000000000000002,0.04487835982930915,1
8438,7.0,0.05263444931062506,1
8439,6.0,0.04291740728448211,1
8440,0.0,0.04312961771474322,1
8441,0.0,0.04474455319307612,1
8442,1.0,0.04779792343339013,1
8443,9.0,0.04882931577576229,1
8444,4.0,0.03411612528313883,0
8445,4.0,0.03297949285506741,0
8446,9.0,0.024075573391151683,0
8447,5.0,0.023519213635682712,0
8448,2.0,0.020636161118748515,0
8449,6.0,0.02004909464137055,0
8450,3.0,0.017904425045489763,0
8451,2.0,0.017970712529582843,0
8452,5.0,0.018828375448200974,0
8453,19.0,0.011278220194362087,0
8454,3.0,0.02560459889937856,0
8455,2.0,0.02573507108723279,0
8456,11.0,0.024532589410654202,0
8457,1.0,0.025063498982529193,0
8458,3.0,0.024775246583974966,0
8459,3.0,0.024255291659206438,0
8460,7.0,0.02471554867863505,0
8461,11.0,0.024965920437132604,0
8462,6.0,0.026107249572208217,0
8463,2.0,0.025976314043311247,0
8464,7.0,0.025604312806531193,0
8465,5.0,0.026228871089892115,0
8466,9.0,0.02610580900652553,0
8467,2.0,0.02569814666551046,0
8468,8.0,0.026204764331261645,0
8469,2.0,0.012887418413756738,0
8470,0.0,0.01350687129649195,0
8471,3.0,0.014659488425326526,0
8472,2.0,0.012458878386933705,0
8473,8.0,0.012144022994709973,0
8474,5.0,0.012328641912547731,0
8475,7.0,0.01143545240325202,0
8476,3.0,0.011617308479661487,0
8477,2.0,0.009320966529436163,0
8478,3.0,0.01036186331305581,0
8479,1.0,0.009776998789958323,0
8480,3.0,0.010901434717009495,0
8481,2.0,0.01207684575071073,0
8482,5.0,0.012387568582516486,0
8483,1.0,0.010935346989651668,0
8484,1.0,0.011095270608836567,0
8485,1.0,0.012539775547888151,0
8486,8.0,0.012243645443278982,0
8487,5.0,0.01166928178979565,0
8488,2.0,0.011038203633634558,0
8489,6.0,0.011735829391291246,0
8490,2.0,0.01169112605315196,0
8491,2.0,0.012395025261028057,0
8492,1.0,0.013256717386251338,0
8493,11.0,0.013697397733376306,0
8494,6.0,0.015684210789486765,0
8495,5.0,0.013800922218414889,0
8496,4.0,0.012190373035744941,0
8497,1.0,0.012249200184837173,0
8498,5.0,0.013998615272148903,0
8499,2.0,0.012498745255812564,0
8500,1.0,0.012076061053460253,0
8501,4.0,0.01162015737249341,0
8502,14.0,0.011391712804260991,0
8503,3.0,0.01704522185977074,0
8504,12.0,0.016323827731489285,0
8505,13.0,0.019564825734039778,0
8506,8.0,0.023368481631760075,0
8507,10.0,0.02325309335006567,0
8508,4.0,0.022618635457122956,0
8509,6.0,0.0211700177514584,0
8510,4.0,0.021303491438250118,0
8511,2.0,0.021566847015444646,0
8512,7.0,0.02249546183791471,0
8513,4.0,0.020751746865141103,0
8514,6.0,0.020843484358732463,0
8515,10.0,0.02015059042873168,0
8516,10.0,0.01928196464792451,0
8517,10.0,0.020935656554002164,0
8518,3.0,0.017028521859477837,0
8519,1.0,0.01669314627407651,0
8520,6.0,0.015696142260405003,0
8521,14.0,0.011041893354506211,0
8522,11.0,0.01615231599835614,0
8523,4.0,0.016505657428610706,0
8524,1.0,0.016416326644944728,0
8525,7.0,0.018902858882061165,0
8526,16.0,0.018246783066818022,0
8527,3.0,0.026089283967706288,0
8528,12.0,0.026064117112716827,0
8529,2.0,0.028447759141207195,0
8530,9.0,0.031256235521306144,0
8531,7.0,0.03088470703471275,0
8532,2.0,0.02839214333610952,0
8533,7.0,0.02793565527978305,0
8534,3.0,0.028470038222536034,0
8535,5.0,0.02708616274033674,0
8536,4.0,0.026962802686159002,0
8537,2.0,0.020587434086199445,0
8538,14.0,0.019669303554772918,0
8539,3.0,0.025310309276638864,0
8540,8.0,0.02403454397457686,0
8541,0.0,0.024122763228836865,0
8542,0.0,0.017673419296741606,0
8543,4.0,0.01985258512620861,0
8544,0.0,0.016683499043131902,0
8545,10.0,0.017847144182889033,0
8546,6.0,0.018332385404314602,0
8547,8.0,0.018445818774006043,0
8548,7.0,0.018165426382393424,0
8549,17.0,0.01752364739983232,0
8550,6.0,0.02772263409099828,0
8551,0.0,0.02716896295094736,0
8552,7.0,0.030172202267797883,0
8553,0.0,0.02961536758536072,0
8554,8.0,0.026901386547738427,0
8555,1.0,0.026317417113679416,0
8556,6.0,0.027224678306198506,0
8557,10.0,0.025322300326353738,0
8558,13.0,0.024314313894067116,0
8559,2.0,0.028752742607788144,0
8560,8.0,0.027217138576712412,0
8561,11.0,0.02572857141694756,0
8562,6.0,0.02874360992668428,0
8563,5.0,0.027526004937787767,0
8564,12.0,0.027559342322328147,0
8565,0.0,0.02028572830043842,0
8566,6.0,0.023198961014988497,0
8567,7.0,0.02052272619673002,0
8568,12.0,0.020542338831257716,0
8569,1.0,0.021431858563646298,0
8570,1.0,0.0228556827128795,0
8571,4.0,0.02280713400945653,0
8572,5.0,0.02303671855342647,0
8573,3.0,0.021174118937285276,0
8574,4.0,0.01729801482538972,0
8575,3.0,0.01600685318368391,0
8576,2.0,0.01661495505113945,0
8577,12.0,0.014804999697245462,0
8578,5.0,0.01795800941197093,0
8579,5.0,0.01776872261873359,0
8580,4.0,0.014829059910547036,0
8581,5.0,0.012517045707231684,0
8582,3.0,0.013019864882667829,0
8583,5.0,0.01240899925812125,0
8584,7.0,0.009337808119647349,0
8585,3.0,0.008251776122031982,0
8586,12.0,0.007265906310818554,0
8587,2.0,0.010361675284664192,0
8588,4.0,0.011011783479089298,0
8589,1.0,0.011142252107584528,0
8590,1.0,0.012046483069098134,0
8591,2.0,0.013932630909776122,0
8592,1.0,0.013447485498284626,0
8593,1.0,0.011582984636079728,0
8594,4.0,0.013734549300383363,0
8595,3.0,0.01356279466634319,0
8596,14.0,0.01368199092851905,0
8597,5.0,0.018954705668953128,0
8598,7.0,0.01862950709567514,0
8599,6.0,0.018817747664300343,0
8600,7.0,0.018562197313275915,0
8601,8.0,0.018214108582343447,0
8602,4.0,0.015704955977895736,0
8603,8.0,0.014882908359946146,0
8604,7.0,0.01574538542945307,0
8605,4.0,0.013774912968127233,0
8606,5.0,0.012591625509802352,0
8607,9.0,0.011589366295277867,0
8608,3.0,0.011159994623751742,0
8609,9.0,0.010092377421835025,0
8610,7.0,0.010638244310585588,0
8611,5.0,0.010167828937305095,0
8612,6.0,0.004677539201563814,0
8613,2.0,0.004488308774444869,0
8614,9.0,0.00541671064419859,0
8615,9.0,0.006357368418973378,0
8616,12.0,0.007233080218255206,0
8617,15.000000000000002,0.010231697966150487,0
8618,0.0,0.01741522033262606,0
8619,3.0,0.018648409139968073,0
8620,4.0,0.019400729076282004,0
8621,11.0,0.019584101992510934,0
8622,4.0,0.021692901582456667,0
8623,5.0,0.020821643347383293,0
8624,4.0,0.020504849759883037,0
8625,1.0,0.01984530776832964,0
8626,4.0,0.02117848907723851,0
8627,3.0,0.02105138548181176,0
8628,5.0,0.021231663996511916,0
8629,8.0,0.021035598954867025,0
8630,2.0,0.020316625741457497,0
8631,8.0,0.020046427124350792,0
8632,5.0,0.01671799370557635,0
8633,4.0,0.009902697493786718,0
8634,12.0,0.007795694171498127,0
8635,0.0,0.010689851606770582,0
8636,10.0,0.013020032309644344,0
8637,12.0,0.012369658486616133,0
8638,4.0,0.015337753332376802,0
8639,1.0,0.015686863083338547,0
8640,8.0,0.016855684936430373,0
8641,2.0,0.01625757127575338,0
8642,0.0,0.016596982543361963,0
8643,2.0,0.018571744461048208,0
8644,0.0,0.019546783730019154,0
8645,2.0,0.0215867858513139,0
8646,1.0,0.021979181310147578,0
8647,6.0,0.022353585068329927,0
8648,3.0,0.02226467573687002,0
8649,5.0,0.022447697965980715,0
8650,3.0,0.019505279492534576,0
8651,5.0,0.016328454074840685,0
8652,8.0,0.015284071583659872,0
8653,5.0,0.012401932784260356,0
8654,1.0,0.012418702551314977,0
8655,0.0,0.012477677810237533,0
8656,8.0,0.014513535116845722,0
8657,4.0,0.014000487917358572,0
8658,3.0,0.011994392958707573,0
8659,4.0,0.011558825475717495,0
8660,9.0,0.009254124847953096,0
8661,13.0,0.009577544302879151,0
8662,6.0,0.012352734787770669,0
8663,4.0,0.012042235144914003,0
8664,6.0,0.011840294389447625,0
8665,8.0,0.01209108459768694,0
8666,8.0,0.012109638503347859,0
8667,6.0,0.012421635899251177,0
8668,9.0,0.011813349063589242,0
8669,6.0,0.013317051097402024,0
8670,2.0,0.01152135803169056,0
8671,6.0,0.010042267727998247,0
8672,6.0,0.00943784876185958,0
8673,2.0,0.00935446658690555,0
8674,0.0,0.010031444488978343,0
8675,4.0,0.012228085034795777,0
8676,5.0,0.011551446078605114,0
8677,8.0,0.0069948991263492485,0
8678,3.0,0.007244805655133666,0
8679,3.0,0.00731613704144565,0
8680,1.0,0.007983333953751984,0
8681,14.0,0.009174244381485393,0
8682,5.0,0.01437627014777578,0
8683,4.0,0.013852370513244177,0
8684,6.0,0.013065648470742021,0
8685,1.0,0.013647616953985685,0
8686,2.0,0.014440092520250272,0
8687,4.0,0.01521679837815515,0
8688,1.0,0.015404247095182944,0
8689,6.0,0.015714479678705574,0
8690,2.0,0.013521702302958046,0
8691,9.0,0.014322322497379398,0
8692,6.0,0.015246572870071067,0
8693,3.0,0.014474487256235718,0
8694,0.0,0.014545112292240724,0
8695,15.000000000000002,0.016869791413785005,0
8696,10.0,0.02237411988981634,0
8697,9.0,0.018128512161702675,0
8698,13.0,0.01893789506870378,0
8699,4.0,0.023468395770621042,0
8700,7.0,0.0235541242696629,0
8701,7.0,0.022533765447243538,0
8702,3.0,0.021374732194232183,0
8703,5.0,0.02197113728657723,0
8704,12.0,0.020368528514146906,0
8705,8.0,0.024369225803313424,0
8706,4.0,0.024092355524303312,0
8707,7.0,0.02249242051255866,0
8708,5.0,0.022252580281507207,0
8709,2.0,0.02160533168633497,0
8710,0.0,0.02083023333707151,0
8711,1.0,0.015819490775648006,0
8712,3.0,0.0161582561534937,0
8713,1.0,0.015496657489707405,0
8714,4.0,0.012403895188000925,0
8715,2.0,0.012152588827059647,0
8716,0.0,0.013139254787171243,0
8717,2.0,0.015585876993692422,0
8718,6.0,0.015401314196280606,0
8719,2.0,0.015546244503290648,0
8720,9.0,0.013471309430471149,0
8721,19.0,0.01412704374989303,0
8722,5.0,0.027960227738013026,0
8723,5.0,0.02747649417024057,0
8724,7.0,0.027283680574736603,0
8725,0.0,0.02676337090061699,0
8726,5.0,0.027751586181996492,0
8727,11.0,0.026143086494400527,0
8728,4.0,0.027829783938994875,0
8729,7.0,0.026466929704055526,0
8730,13.0,0.02645272196882657,0
8731,3.0,0.030003064380206248,0
8732,7.0,0.028019396879119314,0
8733,17.0,0.02673561564087002,0
8734,6.0,0.03747314902517571,1
8735,5.0,0.03652882869016021,0
8736,6.0,0.03530134905529702,0
8737,2.0,0.021279223644034447,0
8738,18.0,0.022539634723425447,0
8739,13.0,0.03499341005854643,0
8740,1.0,0.038629148044172563,1
8741,3.0,0.03875316533213457,1
8742,6.0,0.03898559688696969,1
8743,6.0,0.03704464280007776,0
8744,18.0,0.035513747996115445,0
8745,8.0,0.04789776475836346,1
8746,12.0,0.044220112352108716,1
8747,6.0,0.0474080412074714,1
8748,1.0,0.0461200733589306,1
8749,8.0,0.03806045864774928,1
8750,3.0,0.0388256684206306,1
8751,11.0,0.03908828250217083,1
8752,5.0,0.042584754661848925,1
8753,3.0,0.03993561484109693,1
8754,11.0,0.028350238615790075,0
8755,2.0,0.026317405187687888,0
8756,0.0,0.02581795547257903,0
8757,1.0,0.0271856724213677,0
8758,2.0,0.02924371533704617,0
8759,4.0,0.030260354966278002,0
8760,2.0,0.017897052583177708,0
8761,4.0,0.018739592206924196,0
8762,2.0,0.015433071602033934,0
8763,1.0,0.016116121719695127,0
8764,4.0,0.015872244746081336,0
8765,10.0,0.01602679678505575,0
8766,3.0,0.01681228092557542,0
8767,2.0,0.014494346586821562,0
8768,2.0,0.01664301023191589,0
8769,11.0,0.016263345530670048,0
8770,9.0,0.016715862265759846,0
8771,8.0,0.01635889963584518,0
8772,7.0,0.01420109081796569,0
8773,11.0,0.013225521919781939,0
8774,0.0,0.014824521453064328,0
8775,3.0,0.01675523343919751,0
8776,8.0,0.015842685522738337,0
8777,4.0,0.016822318961693696,0
8778,3.0,0.015953622450717995,0
8779,9.0,0.01500218714189176,0
8780,2.0,0.015504662899118614,0
8781,11.0,0.01492150248586835,0
8782,8.0,0.016760467497443008,0
8783,3.0,0.016629116308802917,0
8784,0.0,0.015390673732331299,0
8785,2.0,0.015980709439379452,0
8786,18.0,0.015890051252528105,0
8787,4.0,0.028154152569045708,0
8788,4.0,0.02711669783207723,0
8789,14.0,0.025458168270009466,0
8790,8.0,0.028779320238972735,0
8791,7.0,0.029245554459423846,0
8792,2.0,0.028180144176235555,0
8793,9.0,0.028937069396856672,0
8794,8.0,0.02979381444211172,0
8795,1.0,0.029323264235046664,0
8796,3.0,0.03016975560691507,0
8797,6.0,0.028027299242233752,0
8798,8.0,0.027785006994547595,0
8799,5.0,0.027806938768557166,0
8800,3.0,0.025175252230547895,0
8801,1.0,0.024323999795800553,0
8802,4.0,0.01379016418256391,0
8803,0.0,0.014275365429158306,0
8804,1.0,0.01623077979190683,0
8805,7.0,0.01167799368447837,0
8806,4.0,0.011635088051453059,0
8807,3.0,0.011816545988516088,0
8808,9.0,0.010753310607250375,0
8809,9.0,0.010907688963424566,0
8810,12.0,0.011613870821750683,0
8811,9.0,0.013223447751153647,0
8812,1.0,0.013756351051761108,0
8813,2.0,0.015402617409407326,0
8814,6.0,0.016052641281545838,0
8815,2.0,0.016791985070114028,0
8816,8.0,0.016096370351291828,0
8817,8.0,0.015489622040579883,0
8818,7.0,0.015909502458157112,0
8819,8.0,0.013870247290467676,0
8820,0.0,0.01210149224951887,0
8821,1.0,0.01442019881119112,0
8822,9.0,0.015920102850947925,0
8823,5.0,0.01651689950055434,0
8824,12.0,0.015598980188110591,0
8825,0.0,0.017966633638878213,0
8826,4.0,0.016913094721353536,0
8827,4.0,0.016458673357796823,0
8828,6.0,0.014681129480569044,0
8829,5.0,0.013637218009380999,0
8830,0.0,0.01352400997590924,0
8831,5.0,0.015117746619363073,0
8832,2.0,0.01528180939761682,0
8833,11.0,0.01545095975818436,0
8834,12.0,0.016702863467100915,0
8835,9.0,0.019957635841169368,0
8836,4.0,0.018684864235773344,0
8837,3.0,0.01735399954597162,0
8838,9.0,0.0172203341225823,0
8839,8.0,0.018026121760116153,0
8840,13.0,0.014791563196536545,0
8841,4.0,0.017171489224952728,0
8842,7.0,0.017433361144063127,0
8843,0.0,0.017599099101050338,0
8844,4.0,0.019558866311014673,0
8845,15.000000000000002,0.019911124961793526,0
8846,3.0,0.024632515353053122,0
8847,3.0,0.024710453935218223,0
8848,9.0,0.025076571939736513,0
8849,9.0,0.023703574901497222,0
8850,7.0,0.020767863133498876,0
8851,2.0,0.019682501263033992,0
8852,1.0,0.02042000590815224,0
8853,4.0,0.02191195180177671,0
8854,3.0,0.02148248384372772,0
8855,2.0,0.020930373043697898,0
8856,7.0,0.017096357126627357,0
8857,6.0,0.01728054358562404,0
8858,9.0,0.01751775641279437,0
8859,10.0,0.015873044593763822,0
8860,7.0,0.01660059673339124,0
8861,2.0,0.009926950521134797,0
8862,4.0,0.010636910848335703,0
8863,0.0,0.010492527480391471,0
8864,11.0,0.012019209342062688,0
8865,3.0,0.013169015348178499,0
8866,7.0,0.013687998916880741,0
8867,4.0,0.012957802465446418,0
8868,4.0,0.011430089326381572,0
8869,5.0,0.011442701723747192,0
8870,5.0,0.010857037771631321,0
8871,16.0,0.009773772396273379,0
8872,11.0,0.018486826200970547,0
8873,14.0,0.021032197023058117,0
8874,1.0,0.025914565281864897,0
8875,1.0,0.025462337234908514,0
8876,0.0,0.027396667269515503,0
8877,3.0,0.02862862666837927,0
8878,3.0,0.028894904778149957,0
8879,6.0,0.027137761725836033,0
8880,2.0,0.02495157619434082,0
8881,2.0,0.02566141402924541,0
8882,2.0,0.025794324472681887,0
8883,4.0,0.02645805978663413,0
8884,9.0,0.026426109161145857,0
8885,7.0,0.02727628796013817,0
8886,3.0,0.02752269110094826,0
8887,1.0,0.01938856904580418,0
8888,0.0,0.01826110940152088,0
8889,6.0,0.01514168282813075,0
8890,2.0,0.013896675353958558,0
8891,7.0,0.013104336295473563,0
8892,3.0,0.010721238731868414,0
8893,1.0,0.010778983868224202,0
8894,9.0,0.011980188736954807,0
8895,12.0,0.012597569708617574,0
8896,3.0,0.015209683745638669,0
8897,3.0,0.014212570035188757,0
8898,0.0,0.01416346744139945,0
8899,12.0,0.016664998061796353,0
8900,5.0,0.019076909468766563,0
8901,6.0,0.018477687229460568,0
8902,6.0,0.018330023234149503,0
8903,7.0,0.016616947945751814,0
8904,1.0,0.014985446757555688,0
8905,3.0,0.016110935524757265,0
8906,2.0,0.015704473534453398,0
8907,0.0,0.01660695312734721,0
8908,0.0,0.0183199188354566,0
8909,8.0,0.01946076357086448,0
8910,0.0,0.018693514981584506,0
8911,3.0,0.0175796902181959,0
8912,9.0,0.017864375617607748,0
8913,4.0,0.01801792001222662,0
8914,8.0,0.015270966294464363,0
8915,4.0,0.01290910218632686,0
8916,6.0,0.01299080579891149,0
8917,2.0,0.013361013827234624,0
8918,5.0,0.013704936447444279,0
8919,4.0,0.014215259448628139,0
8920,7.0,0.012362849928955555,0
8921,4.0,0.012455995007855526,0
8922,1.0,0.011512421761282674,0
8923,2.0,0.010509974653551022,0
8924,5.0,0.00926317855196853,0
8925,6.0,0.008639501675774791,0
8926,6.0,0.006554534373804924,0
8927,7.0,0.005565435866392449,0
8928,1.0,0.0051269101554113385,0
8929,1.0,0.006577253762346752,0
8930,2.0,0.007582822425803376,0
8931,3.0,0.008557686017369476,0
8932,6.0,0.008487044081823,0
8933,8.0,0.007664547751181255,0
8934,4.0,0.00890097424429035,0
8935,5.0,0.008433612102388724,0
8936,0.0,0.007795800505149119,0
8937,6.0,0.01025706082763886,0
8938,18.0,0.009166050800653464,0
8939,11.0,0.020398707255745975,0
8940,12.0,0.022491226184069308,0
8941,10.0,0.026092291628100315,0
8942,8.0,0.027376904482949625,0
8943,3.0,0.0284797781790128,0
8944,5.0,0.026644922289837066,0
8945,3.0,0.026065925756125177,0
8946,5.0,0.025625019452206473,0
8947,6.0,0.025114708632591624,0
8948,6.0,0.025033453859673767,0
8949,0.0,0.024123517520850755,0
8950,7.0,0.02573908278999946,0
8951,0.0,0.026597531372460983,0
8952,0.0,0.026218111803906707,0
8953,1.0,0.028317180404623218,0
8954,0.0,0.017754877103381195,0
8955,0.0,0.018202167952254728,0
8956,3.0,0.01667543079246958,0
8957,1.0,0.016090835564288128,0
8958,12.0,0.0160568014339176,0
8959,13.0,0.019842717503898693,0
8960,3.0,0.023644547270238944,0
8961,3.0,0.023591820500915028,0
8962,0.0,0.02431143077569473,0
8963,2.0,0.027153957788309938,0
8964,1.0,0.028518339741355182,0
8965,2.0,0.0269356107021275,0
8966,2.0,0.028370369410085226,0
8967,1.0,0.026521575212482638,0
8968,4.0,0.025983170199318128,0
8969,5.0,0.024270201360044645,0
8970,3.0,0.021409479227917465,0
8971,7.0,0.019729445693718747,0
8972,6.0,0.019788359903986565,0
8973,2.0,0.01789172064398202,0
8974,4.0,0.01449717150710249,0
8975,7.0,0.011802082723389496,0
8976,9.0,0.01139057180246462,0
8977,1.0,0.011219005507931227,0
8978,18.0,0.010951889128786625,0
8979,7.0,0.022114088014931407,0
8980,3.0,0.020850849999682675,0
8981,7.0,0.02050218308694451,0
8982,7.0,0.019697582599344694,0
8983,3.0,0.018297481514840796,0
8984,5.0,0.018672154183935,0
8985,1.0,0.018734398725655244,0
8986,0.0,0.019924943548994645,0
8987,0.0,0.02193794397772398,0
8988,4.0,0.02446012110321609,0
8989,2.0,0.023347796455852835,0
8990,0.0,0.02399116869984309,0
8991,7.0,0.02662935886238444,0
8992,11.0,0.025701288355119985,0
8993,8.0,0.026181532131549452,0
8994,6.0,0.013835443821389565,0
8995,9.0,0.01396017412149591,0
8996,8.0,0.014571101317967232,0
8997,8.0,0.015029705568179374,0
8998,11.0,0.015360332854393841,0
8999,7.0,0.01741317520317345,0
9000,0.0,0.017627579366851977,0
9001,2.0,0.01853998022908292,0
9002,4.0,0.017379564207097443,0
9003,4.0,0.015006661135315881,0
9004,1.0,0.014875083193634508,0
9005,12.0,0.015790305191878774,0
9006,2.0,0.016656944269148537,0
9007,5.0,0.017220272208563512,0
9008,6.0,0.014572945465191842,0
9009,2.0,0.01419203372022588,0
9010,9.0,0.014983840896164993,0
9011,1.0,0.015170393178146172,0
9012,8.0,0.016085942112237003,0
9013,5.0,0.016243604333388624,0
9014,2.0,0.013499263920846709,0
9015,1.0,0.015113042503035327,0
9016,4.0,0.013661290342534936,0
9017,18.0,0.013090009779125247,0
9018,3.0,0.02555544488037736,0
9019,11.0,0.025235625113141712,0
9020,2.0,0.02615021004015059,0
9021,5.0,0.023821950643943667,0
9022,4.0,0.023550690926259797,0
9023,7.0,0.023190200327003106,0
9024,3.0,0.02349063442483919,0
9025,9.0,0.02278894846907224,0
9026,16.0,0.02340578752172953,0
9027,1.0,0.030343702994903684,0
9028,4.0,0.030764065389888063,0
9029,6.0,0.03151487201553692,0
9030,6.0,0.03031282623129382,0
9031,5.0,0.029439164892645767,0
9032,7.0,0.02827844286521114,0
9033,11.0,0.01642951222184353,0
9034,2.0,0.01846141616018364,0
9035,2.0,0.017204879229331258,0
9036,9.0,0.016984211322069835,0
9037,5.0,0.018162301080048904,0
9038,6.0,0.01805229095483043,0
9039,9.0,0.018467802019159037,0
9040,4.0,0.01801670391471682,0
9041,2.0,0.01721558200951059,0
9042,1.0,0.00955514536335665,0
9043,0.0,0.009565530603145649,0
9044,7.0,0.011637643787579087,0
9045,13.0,0.012024479523498301,0
9046,7.0,0.016481140347250563,0
9047,3.0,0.016395902102198323,0
9048,2.0,0.01655181124857519,0
9049,3.0,0.01535118838532583,0
9050,5.0,0.015092071143194519,0
9051,0.0,0.013754485453081586,0
9052,2.0,0.01523434028607966,0
9053,0.0,0.016749464875640985,0
9054,1.0,0.018765803420261472,0
9055,0.0,0.01969342949953852,0
9056,3.0,0.02093550074415821,0
9057,4.0,0.020081745122434397,0
9058,3.0,0.019373899517306038,0
9059,3.0,0.01752709217012764,0
9060,0.0,0.018143617697601623,0
9061,3.0,0.015581616060870714,0
9062,11.0,0.015886589150926302,0
9063,13.0,0.017154079381108397,0
9064,13.0,0.020895683713079777,0
9065,9.0,0.02520778128776586,0
9066,0.0,0.026311234796926698,0
9067,4.0,0.026728951822925055,0
9068,6.0,0.025697250233874393,0
9069,2.0,0.023132930204675065,0
9070,7.0,0.022405764892988598,0
9071,14.0,0.02095217138931644,0
9072,10.0,0.026031883625565078,0
9073,4.0,0.027948124202049996,0
9074,9.0,0.02702395122635114,0
9075,10.0,0.027413721133991938,0
9076,6.0,0.02714108651351716,0
9077,2.0,0.02641478362213305,0
9078,1.0,0.02499390249204324,0
9079,15.000000000000002,0.022190545600271103,0
9080,5.0,0.025423544081766992,0
9081,13.0,0.023827218379676104,0
9082,7.0,0.025453833634210672,0
9083,4.0,0.025719396464396794,0
9084,11.0,0.02525467022326732,0
9085,10.0,0.027461513752742618,0
9086,6.0,0.02833684889361586,0
9087,8.0,0.023361724081269818,0
9088,5.0,0.022301613872053132,0
9089,5.0,0.021981361369559416,0
9090,5.0,0.021245569652018192,0
9091,5.0,0.019443481769226667,0
9092,9.0,0.019258137985328102,0
9093,5.0,0.019353086468951192,0
9094,4.0,0.017583158271940205,0
9095,8.0,0.010730090402344687,0
9096,12.0,0.010945064497070101,0
9097,8.0,0.01038765394493935,0
9098,13.0,0.010720118502367539,0
9099,7.0,0.013340218009550354,0
9100,7.0,0.011783810328709439,0
9101,8.0,0.011034399157505504,0
9102,3.0,0.011850227394072831,0
9103,1.0,0.011744854408589465,0
9104,10.0,0.013295082834596563,0
9105,6.0,0.01490868484490092,0
9106,4.0,0.016185083532761893,0
9107,5.0,0.014630996028427446,0
9108,1.0,0.014010048744822461,0
9109,2.0,0.01584318136852183,0
9110,6.0,0.016218836033280202,0
9111,0.0,0.015572499347783693,0
9112,10.0,0.014619468556036552,0
9113,5.0,0.01561487011061195,0
9114,5.0,0.011310270469392179,0
9115,9.0,0.010963514495395902,0
9116,0.0,0.01175387892074331,0
9117,7.0,0.013946028524987003,0
9118,6.0,0.013895792030624323,0
9119,11.0,0.011935621867778303,0
9120,12.0,0.01305330154866024,0
9121,3.0,0.01607157653910381,0
9122,0.0,0.01643539296717552,0
9123,0.0,0.018848851758579317,0
9124,1.0,0.019606521709079727,0
9125,5.0,0.02042429553710588,0
9126,3.0,0.020160245933608656,0
9127,4.0,0.01828357198990339,0
9128,14.0,0.0173450400330604,0
9129,8.0,0.02279864374784242,0
9130,18.0,0.022732527388163046,0
9131,3.0,0.03411191450820693,0
9132,6.0,0.03203562922951103,0
9133,6.0,0.03252498249141766,0
9134,5.0,0.032390174434691874,0
9135,1.0,0.030027057453387563,0
9136,1.0,0.028186143699379638,0
9137,11.0,0.030107315932209732,0
9138,4.0,0.030021566280789388,0
9139,3.0,0.02762168014397398,0
9140,1.0,0.026094577166634315,0
9141,8.0,0.02732014712598604,0
9142,7.0,0.02833586938211735,0
9143,4.0,0.02769086195940736,0
9144,3.0,0.021926343273471007,0
9145,11.0,0.021629109565519555,0
9146,3.0,0.0123106031284768,0
9147,10.0,0.01231645894205303,0
9148,10.0,0.013554794198932175,0
9149,10.0,0.015116485268968726,0
9150,4.0,0.017082286425720725,0
9151,7.0,0.015511980608523457,0
9152,2.0,0.014401664180712153,0
9153,0.0,0.012639859922673965,0
9154,3.0,0.01509298380237553,0
9155,5.0,0.01540597912235207,0
9156,3.0,0.013418767120341372,0
9157,2.0,0.013477589110739098,0
9158,3.0,0.014009693584036805,0
9159,7.0,0.014449371681792535,0
9160,3.0,0.014088996967853018,0
9161,3.0,0.012059243948159227,0
9162,11.0,0.011514784225786638,0
9163,7.0,0.012927588915797435,0
9164,13.0,0.011506476018273806,0
9165,0.0,0.01438826213149315,0
9166,1.0,0.01600632652553319,0
9167,4.0,0.01841638348035887,0
9168,0.0,0.01749380975986243,0
9169,8.0,0.01720131690443144,0
9170,0.0,0.01728750279517815,0
9171,3.0,0.019242591596939355,0
9172,0.0,0.019829926819328998,0
9173,8.0,0.02090119761316905,0
9174,1.0,0.02101029295065871,0
9175,2.0,0.022115162724399135,0
9176,5.0,0.02289827668380905,0
9177,3.0,0.022543751992078795,0
9178,5.0,0.020187183054643378,0
9179,6.0,0.02026332360043236,0
9180,1.0,0.015344846466905782,0
9181,3.0,0.014726831197337618,0
9182,7.0,0.013627093949046171,0
9183,3.0,0.014296216707662493,0
9184,6.0,0.011548607303269643,0
9185,4.0,0.011462056956105101,0
9186,14.0,0.009170526602423838,0
9187,7.0,0.014592176563133025,0
9188,13.0,0.012159218791809867,0
9189,8.0,0.01641925986252859,0
9190,8.0,0.015247675935789181,0
9191,7.0,0.014954227550888488,0
9192,6.0,0.014902227333446308,0
9193,1.0,0.014512077586541843,0
9194,2.0,0.016324107279632075,0
9195,11.0,0.017237062913171113,0
9196,9.0,0.01829277673516482,0
9197,7.0,0.018660742704269793,0
9198,16.0,0.018314083647507595,0
9199,9.0,0.027142363007186414,0
9200,1.0,0.02788308438981526,0
9201,0.0,0.029529824911346866,0
9202,8.0,0.02515880239414615,0
9203,5.0,0.026197543047231195,0
9204,0.0,0.021786536774515506,0
9205,6.0,0.023597460115040027,0
9206,11.0,0.023116889028213298,0
9207,3.0,0.025698038183045318,0
9208,7.0,0.026096360152356047,0
9209,5.0,0.023746392007100627,0
9210,7.0,0.022966157280242448,0
9211,0.0,0.02133523775927059,0
9212,8.0,0.022461386825073523,0
9213,6.0,0.022581687151016407,0
9214,4.0,0.014042571173525106,0
9215,1.0,0.013618933969621754,0
9216,1.0,0.013651395879219857,0
9217,3.0,0.012612642630691553,0
9218,8.0,0.012763372797556072,0
9219,4.0,0.012986484701643637,0
9220,0.0,0.010835024113281846,0
9221,2.0,0.012878358906161801,0
9222,5.0,0.011913961028334282,0
9223,3.0,0.011281214938532423,0
9224,5.0,0.011648823548968021,0
9225,2.0,0.011198335952220894,0
9226,5.0,0.012001610242183502,0
9227,9.0,0.009929162086188712,0
9228,2.0,0.010145924455172045,0
9229,8.0,0.010764759411785764,0
9230,3.0,0.011715541069418075,0
9231,2.0,0.01104506098237907,0
9232,3.0,0.010400054948011595,0
9233,3.0,0.009776817333698784,0
9234,6.0,0.00965452261948231,0
9235,13.0,0.009571009102541383,0
9236,2.0,0.011951267027562919,0
9237,9.0,0.011719377272951637,0
9238,9.0,0.01293066888276742,0
9239,7.0,0.01306658828887116,0
9240,7.0,0.01335917908075681,0
9241,6.0,0.012439917906194291,0
9242,18.0,0.012529135957850894,0
9243,5.0,0.02473450140067628,0
9244,7.0,0.02299269798038819,0
9245,5.0,0.023250805602678715,0
9246,10.0,0.022614878581982426,0
9247,12.0,0.023438669923801312,0
9248,11.0,0.026420294503248322,0
9249,13.0,0.029543569162089976,0
9250,0.0,0.031421111770163816,0
9251,11.0,0.029691693972641417,0
9252,10.0,0.03200849782692837,0
9253,15.000000000000002,0.03281866527744459,0
9254,8.0,0.03871479076456044,1
9255,3.0,0.03810543769639441,1
9256,13.0,0.03839889302102822,1
9257,3.0,0.04392938397921309,1
9258,0.0,0.03148101847236976,0
9259,6.0,0.03373069448909794,0
9260,5.0,0.03383752809724626,0
9261,13.0,0.034420925741974466,0
9262,2.0,0.03720156734800848,0
9263,7.0,0.03433196164277861,0
9264,4.0,0.03284990097440995,0
9265,2.0,0.027963325593422583,0
9266,17.0,0.026566116608942262,0
9267,5.0,0.03441654644407868,0
9268,4.0,0.03255638947136548,0
9269,4.0,0.02593963007536266,0
9270,4.0,0.025539209179947717,0
9271,6.0,0.025563668213821493,0
9272,2.0,0.020649021394580344,0
9273,4.0,0.02091793436121697,0
9274,2.0,0.019049851199984293,0
9275,4.0,0.020061310777750457,0
9276,0.0,0.020533013184591355,0
9277,6.0,0.01782036273366312,0
9278,2.0,0.01680554603648258,0
9279,11.0,0.018217876663413828,0
9280,1.0,0.020332532915703624,0
9281,0.0,0.02042436312381495,0
9282,7.0,0.012955360014473926,0
9283,7.0,0.012820264053220943,0
9284,5.0,0.012937140762625088,0
9285,0.0,0.012198555422221109,0
9286,8.0,0.015005163396271658,0
9287,0.0,0.015428924537318338,0
9288,10.0,0.016591010762605413,0
9289,2.0,0.018217509405220936,0
9290,2.0,0.017116099255241827,0
9291,0.0,0.018853041826445142,0
9292,5.0,0.018574893970309026,0
9293,6.0,0.018419211760230054,0
9294,3.0,0.017513822455911914,0
9295,3.0,0.015841973008728822,0
9296,3.0,0.01514298847562332,0
9297,9.0,0.013035044959383716,0
9298,7.0,0.014159950402774147,0
9299,11.0,0.013432072602150884,0
9300,15.000000000000002,0.01600059701827963,0
9301,5.0,0.021003401149604337,0
9302,15.000000000000002,0.020682190534168463,0
9303,7.0,0.025594483514933927,0
9304,9.0,0.023514375108235275,0
9305,2.0,0.02443523645170836,0
9306,1.0,0.023970750773970196,0
9307,7.0,0.023539431265350522,0
9308,12.0,0.024491026703491982,0
9309,2.0,0.02648683361465974,0
9310,1.0,0.027622855030492215,0
9311,0.0,0.027857157707623936,0
9312,4.0,0.030440211260262126,0
9313,7.0,0.02986948498427661,0
9314,9.0,0.029463921471667986,0
9315,1.0,0.028031910887426056,0
9316,11.0,0.02242294316840823,0
9317,5.0,0.024405317042288082,0
9318,5.0,0.01761003931737714,0
9319,5.0,0.017081940215759654,0
9320,2.0,0.016550212464830096,0
9321,8.0,0.01675374626898013,0
9322,4.0,0.015459906688077934,0
9323,3.0,0.015098731992236955,0
9324,9.0,0.012530949422411924,0
9325,5.0,0.012596546522550107,0
9326,5.0,0.011225499694901499,0
9327,5.0,0.008620914539086045,0
9328,2.0,0.008266292508248976,0
9329,17.0,0.009330313953944435,0
9330,4.0,0.018851966097689615,0
9331,2.0,0.017188073511376908,0
9332,9.0,0.01576044642236684,0
9333,10.0,0.016844948655724803,0
9334,6.0,0.018656716180187657,0
9335,2.0,0.018749331109927703,0
9336,4.0,0.018331673666957746,0
9337,5.0,0.01825924910045703,0
9338,19.0,0.01872854371683808,0
9339,1.0,0.032167261094049084,0
9340,7.0,0.03206659355295904,0
9341,0.0,0.032455552182902324,0
9342,6.0,0.03525927519006255,0
9343,3.0,0.03524790503207534,0
9344,4.0,0.03465486873007046,0
9345,3.0,0.02410953553564173,0
9346,7.0,0.024862140363202553,0
9347,4.0,0.024446917271218508,0
9348,20.0,0.023226063286653317,0
9349,8.0,0.037605162614979114,1
9350,2.0,0.037911107579305776,1
9351,7.0,0.038299783816612525,1
9352,3.0,0.03863476532536462,1
9353,0.0,0.03879410972984017,1
9354,0.0,0.027106280955110848,0
9355,2.0,0.027647334367054917,0
9356,20.0,0.029037469952518505,0
9357,14.0,0.043121794806185054,1
9358,19.0,0.04842467426558092,1
9359,4.0,0.06207278112249493,1
9360,2.0,0.06177990709921452,1
9361,7.0,0.06316321307508013,1
9362,4.0,0.06304198894217251,1
9363,16.0,0.06303534374569587,1
9364,9.0,0.054812973069179684,1
9365,16.0,0.0561041251776918,1
9366,0.0,0.06414754263614078,1
9367,6.0,0.06636966737218906,1
9368,10.0,0.06555360068991908,1
9369,8.0,0.06390482109448277,1
9370,0.0,0.061954177323573126,1
9371,5.0,0.06318504504857925,1
9372,8.0,0.04785740499813136,1
9373,13.0,0.04229718628057851,1
9374,8.0,0.031812880612416536,0
9375,2.0,0.032427490623989565,0
9376,5.0,0.031849685318302186,0
9377,3.0,0.033488136395260486,0
9378,1.0,0.032394845459225954,0
9379,10.0,0.02526772452757821,0
9380,4.0,0.02549133848199105,0
9381,4.0,0.017518678229616357,0
9382,21.0,0.015142892112307255,0
9383,8.0,0.03426983360820173,0
9384,6.0,0.03292246765268844,0
9385,2.0,0.03251382957013784,0
9386,2.0,0.030724523129069353,0
9387,7.0,0.032641623783297255,0
9388,6.0,0.031932523747361455,0
9389,6.0,0.027446381440039594,0
9390,6.0,0.027048047885480295,0
9391,8.0,0.025774877996968742,0
9392,7.0,0.026490554865316766,0
9393,10.0,0.025752513533216722,0
9394,6.0,0.025693891141677076,0
9395,12.0,0.024344084529309692,0
9396,10.0,0.028956949918736357,0
9397,18.0,0.029014650943878156,0
9398,6.0,0.02261838770353804,0
9399,5.0,0.02188733687521158,0
9400,12.0,0.022117577599205702,0
9401,1.0,0.024252513409330552,0
9402,2.0,0.02526726563952426,0
9403,3.0,0.026316674101678688,0
9404,2.0,0.026225716305047133,0
9405,0.0,0.028085738462724132,0
9406,10.0,0.02985723517412882,0
9407,4.0,0.031039136682103327,0
9408,1.0,0.03049798441815251,0
9409,3.0,0.030860692977821007,0
9410,4.0,0.031124487380417384,0
9411,14.0,0.027772226028536233,0
9412,1.0,0.03194571473211315,0
9413,10.0,0.020614526500156737,0
9414,6.0,0.02263143803458924,0
9415,5.0,0.022546197789152546,0
9416,4.0,0.0195966590680938,0
9417,2.0,0.01768239547482736,0
9418,8.0,0.017826707224546483,0
9419,4.0,0.018387471382590805,0
9420,10.0,0.0175861104359182,0
9421,8.0,0.01664169292394125,0
9422,2.0,0.015208642936905993,0
9423,5.0,0.016179814309786447,0
9424,3.0,0.01452025388408018,0
9425,7.0,0.014656634879473544,0
9426,1.0,0.014585006495034912,0
9427,6.0,0.010334021383445153,0
9428,0.0,0.009060546168782487,0
9429,12.0,0.009566835764100704,0
9430,8.0,0.013078682214031244,0
9431,8.0,0.01337595981749552,0
9432,4.0,0.013551553340106683,0
9433,4.0,0.013012218672940912,0
9434,5.0,0.012731015492922227,0
9435,3.0,0.012675102491642875,0
9436,5.0,0.011100100318833666,0
9437,3.0,0.011038760523532453,0
9438,4.0,0.010465497332690131,0
9439,4.0,0.011131478400507764,0
9440,5.0,0.010077435013465384,0
9441,2.0,0.00982112599530558,0
9442,6.0,0.00946157147952249,0
9443,5.0,0.009693107106935776,0
9444,7.0,0.006834457202173573,0
9445,10.0,0.0037419397414801808,0
9446,5.0,0.004530259187785033,0
9447,1.0,0.004213331211801284,0
9448,11.0,0.006027068292986343,0
9449,8.0,0.008411304194449801,0
9450,4.0,0.008969617760292618,0
9451,3.0,0.00823196354858438,0
9452,4.0,0.008981266825838191,0
9453,6.0,0.008880704567446773,0
9454,2.0,0.008644563136924625,0
9455,5.0,0.009156988925247554,0
9456,6.0,0.009156692329394903,0
9457,10.0,0.008337298806993082,0
9458,9.0,0.01029880632342308,0
9459,2.0,0.010744357676761808,0
9460,12.0,0.011042078007996715,0
9461,6.0,0.013430036051099357,0
9462,2.0,0.013373245048248713,0
9463,7.0,0.012474842717063405,0
9464,10.0,0.010189909172294294,0
9465,4.0,0.011854219089477952,0
9466,2.0,0.012017455236821909,0
9467,7.0,0.012176791265695857,0
9468,4.0,0.012025931745436766,0
9469,4.0,0.012418656732859325,0
9470,7.0,0.011527754864970275,0
9471,4.0,0.011362057543611427,0
9472,9.0,0.01125586005808101,0
9473,5.0,0.011275118890044115,0
9474,8.0,0.010116540718783809,0
9475,8.0,0.009532831817087983,0
9476,2.0,0.0066434849532006615,0
9477,7.0,0.00793408614908444,0
9478,7.0,0.006935015607036498,0
9479,8.0,0.006970281833954696,0
9480,5.0,0.006022113742322008,0
9481,7.0,0.005572175652430301,0
9482,3.0,0.005077545194486734,0
9483,0.0,0.005683388783487267,0
9484,3.0,0.00756739667780374,0
9485,0.0,0.007772254667590336,0
9486,7.0,0.009960175370358194,0
9487,3.0,0.010088728250752675,0
9488,12.0,0.009464283972952254,0
9489,4.0,0.01294273031603535,0
9490,1.0,0.012167311725360444,0
9491,1.0,0.013563538523263533,0
9492,12.0,0.014546100176334075,0
9493,2.0,0.017304983882356306,0
9494,0.0,0.017899729943430944,0
9495,1.0,0.019843750240120472,0
9496,5.0,0.0217428139299643,0
9497,0.0,0.02104611359874955,0
9498,10.0,0.02356917719226088,0
9499,3.0,0.022170017041182655,0
9500,7.0,0.022665751484992655,0
9501,6.0,0.020531233718569793,0
9502,3.0,0.020368684661087825,0
9503,5.0,0.019852375887990898,0
9504,3.0,0.017002965671701172,0
9505,0.0,0.017440911359093217,0
9506,6.0,0.017909281148808152,0
9507,3.0,0.01576441729088363,0
9508,12.0,0.013768905044908826,0
9509,8.0,0.015771554443808886,0
9510,2.0,0.014010567600290383,0
9511,11.0,0.013320602736999402,0
9512,3.0,0.0158205038571319,0
9513,11.0,0.013673042379996954,0
9514,9.0,0.014751457176932303,0
9515,3.0,0.014976840349936326,0
9516,8.0,0.01568727727776797,0
9517,7.0,0.015948321512787685,0
9518,10.0,0.01570724626979888,0
9519,5.0,0.017569302730299056,0
9520,2.0,0.016598213819684807,0
9521,7.0,0.01553396124329095,0
9522,2.0,0.015586673305656865,0
9523,4.0,0.016224601796072897,0
9524,6.0,0.012855126158753439,0
9525,6.0,0.012343288288101197,0
9526,12.0,0.011742574657942232,0
9527,7.0,0.012333156454681896,0
9528,2.0,0.011931394945698812,0
9529,5.0,0.010078199845133145,0
9530,0.0,0.009852570002478083,0
9531,7.0,0.011756870588930175,0
9532,0.0,0.011451493518797453,0
9533,0.0,0.01366461326289653,0
9534,7.0,0.01451586859209119,0
9535,2.0,0.014641847979602834,0
9536,7.0,0.014717017152506758,0
9537,2.0,0.014023292262500294,0
9538,9.0,0.013995337024077533,0
9539,8.0,0.015368843633829345,0
9540,6.0,0.015393739393911445,0
9541,11.0,0.01536867616054249,0
9542,4.0,0.01460263838358082,0
9543,3.0,0.014585084558220192,0
9544,17.0,0.013994351818830268,0
9545,3.0,0.02493774149600312,0
9546,12.0,0.023010972127421585,0
9547,0.0,0.02593276412040367,0
9548,4.0,0.02604545198723484,0
9549,1.0,0.024098486333145996,0
9550,2.0,0.02529380375432526,0
9551,2.0,0.0255708676947325,0
9552,6.0,0.02609189146811531,0
9553,2.0,0.024968149444978882,0
9554,4.0,0.025399585912824943,0
9555,12.0,0.02445451449530505,0
9556,4.0,0.027921997746519364,0
9557,7.0,0.025698612076489196,0
9558,7.0,0.025705326269395205,0
9559,3.0,0.02499594367435899,0
9560,4.0,0.015681880832464763,0
9561,7.0,0.01489819800152156,0
9562,9.0,0.012364823529828463,0
9563,10.0,0.01075856339819216,0
9564,8.0,0.011852554988931003,0
9565,10.0,0.01099367323171688,0
9566,3.0,0.011520791397491091,0
9567,3.0,0.010941832826899277,0
9568,7.0,0.011660523246367304,0
9569,7.0,0.011689452241915938,0
9570,3.0,0.010982756255514465,0
9571,2.0,0.008074285800685492,0
9572,15.000000000000002,0.00925296491761779,0
9573,5.0,0.01584840069659934,0
9574,6.0,0.015538359449709788,0
9575,11.0,0.015128067437954619,0
9576,8.0,0.0169095225817992,0
9577,8.0,0.017566367500541344,0
9578,2.0,0.016895742604008293,0
9579,1.0,0.016399150191825414,0
9580,0.0,0.017856797262098167,0
9581,10.0,0.018655883706230666,0
9582,7.0,0.019681614728082632,0
9583,1.0,0.019215153632715087,0
9584,6.0,0.020434863899535614,0
9585,0.0,0.020619013281904828,0
9586,4.0,0.02248215568470656,0
9587,2.0,0.02115977474262565,0
9588,3.0,0.014913577184460597,0
9589,3.0,0.015603717007441092,0
9590,1.0,0.016113937385343384,0
9591,5.0,0.015569284003802171,0
9592,7.0,0.015159592901673213,0
9593,2.0,0.014204538275202409,0
9594,7.0,0.014362217806141017,0
9595,3.0,0.013907142856806597,0
9596,3.0,0.010986029687219285,0
9597,2.0,0.01050576156635311,0
9598,8.0,0.0111760997924222,0
9599,3.0,0.009365727616754287,0
9600,0.0,0.011140558514585463,0
9601,0.0,0.01047176227190938,0
9602,2.0,0.012274804836512746,0
9603,7.0,0.013045240800883656,0
9604,5.0,0.01240267985090564,0
9605,9.0,0.011572455022093114,0
9606,7.0,0.010948272428278885,0
9607,19.0,0.011070864078020468,0
9608,9.0,0.025829451547166864,0
9609,18.0,0.025036102750659227,0
9610,15.000000000000002,0.03741755571136728,0
9611,10.0,0.04417916889926342,1
9612,11.0,0.04604340432184485,1
9613,5.0,0.0478125097442882,1
9614,13.0,0.04717408327661675,1
9615,2.0,0.05150173073073583,1
9616,7.0,0.05007871754208388,1
9617,0.0,0.04828562582982558,1
9618,2.0,0.04938467805769131,1
9619,2.0,0.05014557437561809,1
9620,5.0,0.05044215553545037,1
9621,6.0,0.05038956267902781,1
9622,1.0,0.050095950707872795,1
9623,9.0,0.03618803705877595,0
9624,6.0,0.03614072192178092,0
9625,3.0,0.023326656022520455,0
9626,6.0,0.017022286892037445,0
9627,3.0,0.015226453730603776,0
9628,5.0,0.013610979561151955,0
9629,7.0,0.013625872993049607,0
9630,8.0,0.009635676336483228,0
9631,9.0,0.008877794171466736,0
9632,9.0,0.0094044210704694,0
9633,9.0,0.008220884350173353,0
9634,0.0,0.008206415363071174,0
9635,2.0,0.009606951155351819,0
9636,4.0,0.010717280958412624,0
9637,4.0,0.010950334854856214,0
9638,14.0,0.009487812920088275,0
9639,4.0,0.01402472792570542,0
9640,3.0,0.01416278410308478,0
9641,4.0,0.014457904221422431,0
9642,5.0,0.014457563162322903,0
9643,9.0,0.013918420967411433,0
9644,4.0,0.01481333679036198,0
9645,8.0,0.014846489903202425,0
9646,4.0,0.014917073346577176,0
9647,11.0,0.014159011643978902,0
9648,0.0,0.015781911233373767,0
9649,3.0,0.01695479260491343,0
9650,5.0,0.01517913424904587,0
9651,8.0,0.014370392763149394,0
9652,5.0,0.015340143426339863,0
9653,10.0,0.013953266370234464,0
9654,15.000000000000002,0.009969603490522068,0
9655,0.0,0.017352511266117684,0
9656,2.0,0.018736940467342058,0
9657,0.0,0.01983117208048666,0
9658,12.0,0.021788373252383173,0
9659,6.0,0.025005258626768185,0
9660,9.0,0.02445490768329649,0
9661,4.0,0.025010485103004788,0
9662,5.0,0.02532646422221093,0
9663,2.0,0.022782119725854012,0
9664,4.0,0.021165031808820456,0
9665,5.0,0.020702707172790154,0
9666,6.0,0.02087421896271195,0
9667,4.0,0.02047289897630641,0
9668,6.0,0.020757558018268667,0
9669,6.0,0.01841423527596382,0
9670,5.0,0.011793577345966557,0
9671,3.0,0.009313805404078133,0
9672,10.0,0.008846146130427815,0
9673,10.0,0.007722765397246783,0
9674,3.0,0.006294415103445506,0
9675,2.0,0.00674255612816456,0
9676,9.0,0.006597034836736906,0
9677,14.0,0.00752081337332878,0
9678,2.0,0.013448849460033692,0
9679,5.0,0.01312948221597367,0
9680,6.0,0.013245869148477687,0
9681,17.0,0.013402750612630425,0
9682,12.0,0.024145152679054014,0
9683,1.0,0.02678949774209273,0
9684,4.0,0.028143053499908886,0
9685,7.0,0.028816878638623034,0
9686,4.0,0.029411582141561057,0
9687,5.0,0.028953783580331596,0
9688,11.0,0.02663833637175864,0
9689,4.0,0.027915209468226086,0
9690,6.0,0.027726671240456243,0
9691,4.0,0.02660820375186231,0
9692,7.0,0.025354295901221086,0
9693,4.0,0.0198987954983034,0
9694,6.0,0.020105205549316676,0
9695,2.0,0.019291018426252464,0
9696,2.0,0.02004851780714333,0
9697,8.0,0.010429527291103857,0
9698,1.0,0.007833834346433225,0
9699,0.0,0.007704596756721851,0
9700,2.0,0.009741345327075686,0
9701,10.0,0.01063349406080121,0
9702,13.0,0.01237866458395524,0
9703,0.0,0.016392529576560264,0
9704,9.0,0.01638534838462827,0
9705,4.0,0.017465422544609796,0
9706,6.0,0.0175856073532469,0
9707,5.0,0.0175405333151699,0
9708,6.0,0.01698248704808169,0
9709,8.0,0.017210507082263436,0
9710,9.0,0.017863935940971853,0
9711,3.0,0.017904307897692977,0
9712,16.0,0.016988558061001576,0
9713,19.0,0.02472684226150752,0
9714,11.0,0.038604261450031686,1
9715,4.0,0.03777874382289634,1
9716,8.0,0.03556903681634076,0
9717,13.0,0.036551539096858265,0
9718,1.0,0.03686309937122232,0
9719,0.0,0.035833219350356396,0
9720,1.0,0.03709088304811334,0
9721,1.0,0.03889672374482027,1
9722,7.0,0.04061370904717662,1
9723,13.0,0.04107539472122745,1
9724,12.0,0.04365547719137496,1
9725,5.0,0.04696180599563908,1
9726,2.0,0.04619393880783769,1
9727,2.0,0.047589795247008224,1
9728,5.0,0.039025626930543206,1
9729,7.0,0.024692932244211378,0
9730,10.0,0.022704118021330388,0
9731,12.0,0.02412247041922905,0
9732,12.0,0.026918374472741178,0
9733,4.0,0.025840215095253315,0
9734,11.0,0.024290644755723602,0
9735,10.0,0.023951272201541383,0
9736,0.0,0.024972871286804584,0
9737,0.0,0.025022884063834197,0
9738,1.0,0.0272982274497412,0
9739,4.0,0.025113231804268745,0
9740,7.0,0.021617426120726205,0
9741,1.0,0.021053015101604358,0
9742,1.0,0.02214710645751665,0
9743,3.0,0.023334756833024353,0
9744,1.0,0.02315127677934291,0
9745,7.0,0.024599585429423636,0
9746,0.0,0.022692123810111018,0
9747,2.0,0.021718563871541186,0
9748,5.0,0.019608882408582825,0
9749,0.0,0.019803266014331695,0
9750,13.0,0.019688871878348776,0
9751,2.0,0.02221213196143213,0
9752,6.0,0.021125379356180495,0
9753,2.0,0.018929181580682033,0
9754,0.0,0.0179626552926992,0
9755,3.0,0.020575947174268742,0
9756,5.0,0.020135874266620037,0
9757,8.0,0.01947636423819527,0
9758,6.0,0.0177421013060877,0
9759,7.0,0.017395281309799886,0
9760,0.0,0.01594259630957855,0
9761,0.0,0.017831238352880998,0
9762,15.000000000000002,0.017935611084539962,0
9763,4.0,0.02408381664081142,0
9764,2.0,0.024190769683286217,0
9765,12.0,0.023124114658167827,0
9766,8.0,0.022078380144972085,0
9767,1.0,0.021573799682507985,0
9768,4.0,0.02287006451233782,0
9769,5.0,0.022374432480897755,0
9770,2.0,0.02012594348151962,0
9771,17.0,0.020690096750221623,0
9772,5.0,0.03146518797058288,0
9773,6.0,0.030460601692262043,0
9774,9.0,0.030396516534237465,0
9775,3.0,0.03180883182625264,0
9776,0.0,0.02935780824069367,0
9777,4.0,0.028983358033592074,0
9778,1.0,0.022479517996803942,0
9779,12.0,0.02406777420175713,0
9780,3.0,0.02638332842808649,0
9781,3.0,0.023072517071577234,0
9782,1.0,0.02301372232645064,0
9783,4.0,0.023271211217358388,0
9784,13.0,0.023030475988512086,0
9785,8.0,0.02762011426107435,0
9786,1.0,0.026426798034342412,0
9787,5.0,0.018381044944822508,0
9788,7.0,0.018390544208502967,0
9789,0.0,0.018666262983622003,0
9790,9.0,0.01989397767439188,0
9791,10.0,0.020026450669960352,0
9792,0.0,0.01974693288774766,0
9793,6.0,0.022669185502250517,0
9794,5.0,0.020479786607152033,0
9795,0.0,0.017057747341939895,0
9796,2.0,0.018401070897536842,0
9797,7.0,0.01914033524969577,0
9798,15.000000000000002,0.01817570546299695,0
9799,5.0,0.024751197112717616,0
9800,3.0,0.020306379254666794,0
9801,3.0,0.020322282859122978,0
9802,7.0,0.019236117641562644,0
9803,11.0,0.019512717812098058,0
9804,4.0,0.02176018941526686,0
9805,8.0,0.019369570320723655,0
9806,2.0,0.01913189466169158,0
9807,0.0,0.01858150664248338,0
9808,7.0,0.0185693413365172,0
9809,4.0,0.018795138499032513,0
9810,2.0,0.01851973150118387,0
9811,4.0,0.017428340659206072,0
9812,1.0,0.01683955321220677,0
9813,1.0,0.01788604264307794,0
9814,11.0,0.012205567402022012,0
9815,6.0,0.01432123837556302,0
9816,4.0,0.013968157706058807,0
9817,4.0,0.013624457087234613,0
9818,7.0,0.013697607035361927,0
9819,8.0,0.011660100648477887,0
9820,3.0,0.01178997892134717,0
9821,0.0,0.011620856188855826,0
9822,1.0,0.013370678787398468,0
9823,11.0,0.013195286824566091,0
9824,6.0,0.015227516456856474,0
9825,7.0,0.014558057356341959,0
9826,4.0,0.013594568535157399,0
9827,1.0,0.013749285927845302,0
9828,5.0,0.014226608333764748,0
9829,9.0,0.012145721165488559,0
9830,8.0,0.010568031352917126,0
9831,5.0,0.011229471166554785,0
9832,3.0,0.011107708592219528,0
9833,0.0,0.011638467038877498,0
9834,2.0,0.013905438511336222,0
9835,20.0,0.014255101037282777,0
9836,5.0,0.030568422714427834,0
9837,20.0,0.027784265786075193,0
9838,11.0,0.043304372892943435,1
9839,12.0,0.043750163590027084,1
9840,3.0,0.04675566102436049,1
9841,5.0,0.04627013629672327,1
9842,5.0,0.04671782932020928,1
9843,7.0,0.04636488169607924,1
9844,2.0,0.04536769460719509,1
9845,10.0,0.04607693438463766,1
9846,1.0,0.04681288898770168,1
9847,0.0,0.048562881552734916,1
9848,6.0,0.04926846727016042,1
9849,4.0,0.04745330737845784,1
9850,5.0,0.04774212634556554,1
9851,4.0,0.029763588410458165,0
9852,2.0,0.02957348906332078,0
9853,4.0,0.014343385020476104,0
9854,2.0,0.012223687571351711,0
9855,4.0,0.009233411036618901,0
9856,10.0,0.009187051385986756,0
9857,3.0,0.011092775024723327,0
9858,1.0,0.01160685245321432,0
9859,3.0,0.012938353747359767,0
9860,8.0,0.011968663338180833,0
9861,4.0,0.01131748780766974,0
9862,7.0,0.009606355036092796,0
9863,4.0,0.007715303296560784,0
9864,7.0,0.007690435466561339,0
9865,9.0,0.008246416337236141,0
9866,4.0,0.008916240946962374,0
9867,15.000000000000002,0.00887526743911866,0
9868,9.0,0.015144511184089634,0
9869,8.0,0.01572534806374022,0
9870,8.0,0.01542047746112676,0
9871,11.0,0.015488254027936226,0
9872,12.0,0.016664459969324606,0
9873,14.0,0.019336248227437857,0
9874,8.0,0.023386116542081007,0
9875,5.0,0.02346533303482344,0
9876,5.0,0.023727033990087902,0
9877,5.0,0.023375636094699812,0
9878,4.0,0.024216725433617622,0
9879,7.0,0.023205416597953357,0
9880,0.0,0.023656773367979504,0
9881,6.0,0.024478145324911674,0
9882,6.0,0.024064395684483972,0
9883,9.0,0.017660262364092724,0
9884,3.0,0.0172016661215933,0
9885,6.0,0.016370300302589826,0
9886,6.0,0.016275717061753674,0
9887,2.0,0.013422103698708086,0
9888,5.0,0.011276349531560566,0
9889,0.0,0.005688808194152522,0
9890,0.0,0.007515781920614057,0
9891,3.0,0.01070723202699381,0
9892,0.0,0.010773235199464937,0
9893,1.0,0.01291161599302897,0
9894,4.0,0.013949454117809628,0
9895,2.0,0.014565352697872803,0
9896,13.0,0.012571387177274112,0
9897,8.0,0.017042130684026432,0
9898,4.0,0.017389040719664902,0
9899,6.0,0.016738891675156582,0
9900,6.0,0.016698653595968442,0
9901,9.0,0.01646826319655077,0
9902,11.0,0.01719802666518997,0
9903,4.0,0.01910301725524723,0
9904,8.0,0.019534138220464424,0
9905,12.0,0.017337865062259462,0
9906,5.0,0.018713335483369613,0
9907,6.0,0.01765611699689473,0
9908,1.0,0.015377613697782793,0
9909,1.0,0.015458458412219088,0
9910,2.0,0.017635813310109168,0
9911,4.0,0.016987381261691078,0
9912,2.0,0.012731703599305817,0
9913,10.0,0.012995681854303212,0
9914,6.0,0.014524471683991961,0
9915,1.0,0.014531448139642598,0
9916,5.0,0.015656946612999812,0
9917,5.0,0.014822729255040983,0
9918,6.0,0.012516654890852408,0
9919,8.0,0.012391263490585341,0
9920,4.0,0.01230572199835272,0
9921,4.0,0.009456738177797613,0
9922,5.0,0.009171380282645747,0
9923,7.0,0.009444103280225193,0
9924,16.0,0.007957533814051506,0
9925,2.0,0.01495985011860825,0
9926,4.0,0.015180767427638705,0
9927,0.0,0.015266887702577697,0
9928,6.0,0.016640700413497852,0
9929,3.0,0.015244756330606764,0
9930,0.0,0.015667046757447633,0
9931,4.0,0.016353265612540142,0
9932,1.0,0.016730641985139825,0
9933,11.0,0.01799768300671933,0
9934,4.0,0.020644127717567115,0
9935,8.0,0.019602515473586848,0
9936,0.0,0.020312556782511277,0
9937,9.0,0.022465644292238646,0
9938,4.0,0.023647062539996145,0
9939,2.0,0.023337358245832718,0
9940,5.0,0.016134015088655786,0
9941,9.0,0.014712023324956957,0
9942,7.0,0.016043290969798257,0
9943,3.0,0.013523416829073733,0
9944,6.0,0.014217220579970425,0
9945,12.0,0.013660990378146033,0
9946,0.0,0.014422598962384025,0
9947,3.0,0.01675490155737262,0
9948,0.0,0.015147247693591428,0
9949,2.0,0.015590890927851039,0
9950,12.0,0.016720915338642194,0
9951,1.0,0.018969261052601997,0
9952,7.0,0.018071004215871992,0
9953,8.0,0.0174548012813427,0
9954,9.0,0.0180380588187059,0
9955,4.0,0.01785632976138228,0
9956,7.0,0.017643827459859377,0
9957,5.0,0.01716646194445894,0
9958,0.0,0.017276292898444037,0
9959,9.0,0.019171029832837194,0
9960,5.0,0.019857228041629125,0
9961,2.0,0.016852997000825702,0
9962,2.0,0.015078612166470563,0
9963,5.0,0.015730252972642942,0
9964,6.0,0.013576113239086161,0
9965,8.0,0.012409189425085237,0
9966,8.0,0.009610832762215287,0
9967,10.0,0.008354487338308486,0
9968,6.0,0.009280659488278364,0
9969,12.0,0.009298496471369254,0
9970,7.0,0.011318759052792608,0
9971,5.0,0.011757705310695591,0
9972,14.0,0.011567436275678807,0
9973,3.0,0.017131749102004292,0
9974,5.0,0.01543422612498187,0
9975,1.0,0.014839868254466823,0
9976,8.0,0.016024366570987898,0
9977,2.0,0.01606383103353852,0
9978,6.0,0.01570722650829197,0
9979,12.0,0.015860100123338123,0
